-- phpMyAdmin SQL Dump
-- version 5.2.1
-- https://www.phpmyadmin.net/
--
-- Host: 127.0.0.1
-- Generation Time: Oct 16, 2025 at 08:42 PM
-- Server version: 10.4.32-MariaDB
-- PHP Version: 8.2.12

SET SQL_MODE = "NO_AUTO_VALUE_ON_ZERO";
START TRANSACTION;
SET time_zone = "+00:00";


/*!40101 SET @OLD_CHARACTER_SET_CLIENT=@@CHARACTER_SET_CLIENT */;
/*!40101 SET @OLD_CHARACTER_SET_RESULTS=@@CHARACTER_SET_RESULTS */;
/*!40101 SET @OLD_COLLATION_CONNECTION=@@COLLATION_CONNECTION */;
/*!40101 SET NAMES utf8mb4 */;

--
-- Database: `concertticketfinal`
--

-- --------------------------------------------------------

--
-- Table structure for table `admin`
--

CREATE TABLE `admin` (
  `Admin_id` varchar(3) NOT NULL,
  `Firstname` varchar(50) NOT NULL,
  `Lastname` varchar(50) NOT NULL,
  `Telephone` varchar(10) NOT NULL,
  `Email` varchar(30) NOT NULL,
  `Password` varchar(255) NOT NULL
) ENGINE=InnoDB DEFAULT CHARSET=utf8mb4 COLLATE=utf8mb4_general_ci;

--
-- Dumping data for table `admin`
--

INSERT INTO `admin` (`Admin_id`, `Firstname`, `Lastname`, `Telephone`, `Email`, `Password`) VALUES
('A01', 'พุติพงศ์', 'สุขรี', '0623543667', 'putthipong.s@ku.th', '$2b$10$yxZNTJo3RVIcTKKmjw/x3uhFX1RBaFUCJS7T1J.zXOpZlBimDUjtq'),
('A02', 'มานพ', 'ชบชอบ', '0623514784', 'manob145@gmail.com', '$2b$10$MHvqyBWC3C.3ZjGBwwx1uO3i8YWffx7rwNj11.YUJ0ZLxZ6irb7y2');

-- --------------------------------------------------------

--
-- Table structure for table `concert`
--

CREATE TABLE `concert` (
  `Concert_id` varchar(3) NOT NULL,
  `Poster` varchar(255) NOT NULL,
  `ConcertName` varchar(50) NOT NULL,
  `Price` float NOT NULL,
  `OpenSaleDate` date NOT NULL,
  `OpenSaleTimes` time NOT NULL,
  `Details` varchar(255) NOT NULL,
  `Place` varchar(50) NOT NULL,
  `Admin_id` varchar(3) NOT NULL
) ENGINE=InnoDB DEFAULT CHARSET=utf8mb4 COLLATE=utf8mb4_general_ci;

--
-- Dumping data for table `concert`
--

INSERT INTO `concert` (`Concert_id`, `Poster`, `ConcertName`, `Price`, `OpenSaleDate`, `OpenSaleTimes`, `Details`, `Place`, `Admin_id`) VALUES
('C01', '2025-bibi-1st-world-toureve-in-bangkok-6800b6ce59b8e-l.png', '2025 bibi 1st world tour [eve] in bangkok', 5000, '2025-09-29', '19:00:00', 'เตรียมพบกับ BIBI ศิลปินหญิงสุดฮอตจากเกาหลีใต้ ในคอนเสิร์ต 2025 BIBI 1st WORLD TOUR [EVE] IN BANGKOK!  ครั้งแรกของเธอกับเวิลด์ทัวร์ที่มาพร้อมโชว์เต็มรูปแบบ แสง สี เสียงสุดอลังการ  \r\nพร้อมเพลงฮิตอย่าง “BIBI Vengeance”, “Bam Yang Gang”, “Kazino” และอีกมาก', 'อิมแพ็ค อารีน่า', 'A01'),
('C02', 'tyler-the-creator-chromakopia-the-world-tour-67b811b01fa1a-l.png', 'tyler the creator chromakopia the world tour', 6900, '2025-10-14', '20:30:00', 'เตรียมพบกับ Tyler, The Creator กับทัวร์ระดับโลก “CHROMAKOPIA: The World Tour” การแสดงสดสุดพลังที่ผสมฮิปฮอป แร็ป และศิลปะเหนือจินตนาการ พร้อมเพลงฮิตจากอัลบั้มใหม่และโชว์สุดจัดจ้านไม่เหมือนใคร!', 'อิมแพ็ค อารีน่า', 'A01'),
('C03', '2025-b-i-tour-the-last-parade-tour-in-bangkok-6842a4e4bc0d3-l.png', '2025 b i tour the last parade tour in bangkok', 2300, '2025-04-01', '15:30:00', 'เตรียมพบกับ B.I ในคอนเสิร์ตสุดยิ่งใหญ่ “2025 B.I THE LAST PARADE TOUR IN BANGKOK” การแสดงสดสุดเข้มข้นที่รวมพลังจากทุกอัลบั้ม พร้อมเพลงฮิตและโชว์สุดพิเศษที่แฟน ๆ ห้ามพลาด!', 'อิมแพ็ค อารีน่า', 'A01'),
('C04', 'beabadoobee-asia-tour-2025-67f8a28ede55c-4l.png', 'beabadoobee asia tour 2025', 3400, '2025-10-02', '17:30:00', 'เตรียมพบกับ Beabadoobee ในคอนเสิร์ต “Beabadoobee Asia Tour 2025” การกลับมาอีกครั้งของศิลปินอินดี้ป็อปสุดอบอุ่นจากอังกฤษ พร้อมเพลงดังอย่าง Glue Song, The Perfect Pair และโชว์สดสุดละมุนที่แฟน ๆ ห้ามพลาด!', 'อิมแพ็ค อารีน่า', 'A01'),
('C05', 'elijah-woods-give-me-the-sunlight-680f5470670ed-l.png', 'elijah woods give me the sunlight', 4000, '2025-03-06', '15:00:00', 'เตรียมพบกับ Elijah Woods ในคอนเสิร์ต “Give Me The Sunlight Tour” การแสดงสดอบอุ่นจากศิลปินป็อปสุดละมุนเจ้าของเพลงดัง 24/7, f i g h t, losing a friend พร้อมบรรยากาศสุดโรแมนติกที่คุณจะไม่ลืม!', 'อิมแพ็ค อารีน่า', 'A01'),
('C06', 'thailand-phil-2024-25-season-68787396e2f6d-l.jpg', 'thailand phil 2024 25 season', 3500, '2025-02-06', '16:00:00', 'เตรียมดื่มด่ำกับเสียงดนตรีสุดอลังการใน Thailand Phil 2024–25 Season การแสดงตลอดฤดูกาลจากวงดุริยางค์ฟิลฮาร์โมนิกแห่งประเทศไทย พร้อมแขกรับเชิญและวาทยกรระดับโลก สัมผัสประสบการณ์คลาสสิกเหนือระดับ!', 'อิมแพ็ค อารีน่า', 'A01'),
('C07', 'blackpink-world-tour-deadline-in-bangkok-68945dee87af4-l.png', 'BLACKPINK WORLD TOUR < DEADLINE > IN BANGKOK', 4500, '2025-10-16', '18:00:00', 'BLACKPINK WORLD TOUR <DEADLINE> IN BANGKOK คัมแบ็กคอนเสิร์ตใหญ่ในรอบ 2 ปีของเกิร์ลกรุ๊ปตัวแม่ BLACKPINKBLINK ', 'อิมแพ็ค อารีน่า', 'A01'),
('C08', 'blackhead-back2back-concert-68903490f41e3-l.png', 'BLACKHEAD : BACK2BACK CONCERT', 2000, '2025-10-14', '11:00:00', 'Blackhead\" เตรียมระเบิดความมันส์ครั้งประวัติศาสตร์ ใน “BLACKHEAD: BACK2BACK CONCERT”เล่นสด 2 อัลบั้มเต็ม ครั้งแรกในไทย!', 'อิมแพ็ค อารีน่า', 'A01'),
('C09', 'supermarket-music-space-shelf-3-689336d33717f-l.png', 'SUPERMARKET MUSIC SPACE SHELF - 3', 1000, '2025-10-14', '17:00:00', 'สัมผัสประสบการณ์ดนตรีสดสุดชิคใน SUPERMARKET MUSIC SPACE SHELF - 3 คอนเสิร์ตที่รวมศิลปินหลากหลายแนวในบรรยากาศอบอุ่น เต็มไปด้วยเสียงเพลงแห่งแรงบันดาลใจและความสนุกไม่เหมือนใคร!', 'อิมแพ็ค อารีน่า', 'A01'),
('C10', '2025-youngjae-asia-tour-fermata-in-bangkok-68b78dc0bb73e-l.jpg', '2025 YOUNGJAE ASIA TOUR [Fermata] IN BANGKOK', 7600, '2025-01-09', '16:00:00', 'คอนเสิร์ต “2025 YOUNGJAE ASIA TOUR [Fermata] IN BANGKOK” การกลับมาของหนุ่มเสียงละมุน YOUNGJAE (GOT7) พร้อมบทเพลงสุดอบอุ่น ถ่ายทอดความรู้สึกผ่านเสียงเพลง ในค่ำคืนพิเศษที่แฟน ๆ ชาวไทยไม่ควรพลาด!', 'อิมแพ็ค อารีน่า', 'A01'),
('C11', '2025-jay-b-concert-tape-re-load-finale-in-bangkok-68c7d595d2df3-l.png', '025 JAY B CONCERT [TAPE:RE LOAD FINALE] IN BANGKOK', 5000, '2025-10-15', '15:20:00', 'รียมพบกับ JAY B ในคอนเสิร์ต TAPE:RE LOAD FINALE สุดพิเศษที่กรุงเทพฯ \r\nส่งท้ายทัวร์เอเชียด้วยโชว์สุดมัน เพลงฮิตเต็มรูปแบบ และความใกล้ชิดแบบเอ็กซ์คลูซีฟ ห้ามพลาดเด็ดขาด!', 'อิมแพ็ค อารีน่า', 'A01');

-- --------------------------------------------------------

--
-- Table structure for table `member`
--

CREATE TABLE `member` (
  `Member_id` varchar(3) NOT NULL,
  `Firstname` varchar(50) NOT NULL,
  `Lastname` varchar(50) NOT NULL,
  `Telephone` varchar(10) NOT NULL,
  `Email` varchar(30) NOT NULL,
  `Password` varchar(255) NOT NULL
) ENGINE=InnoDB DEFAULT CHARSET=utf8mb4 COLLATE=utf8mb4_general_ci;

--
-- Dumping data for table `member`
--

INSERT INTO `member` (`Member_id`, `Firstname`, `Lastname`, `Telephone`, `Email`, `Password`) VALUES
('M01', 'สมชาย', 'ใจดี', '0614257884', 'somchai123@gmail.com', '$2b$10$yanpeKAyVaahZdLoaYPxMezfpov94bV/9d7i/gaag7/.gMo8wUh1y'),
('M02', 'Chris', 'Smith', '0634678953', 'chris001@gmail.com', '$2b$10$SNOkwNUnRqxxNBHyidHu.uxq0wbRvdV6XMAK5NC0Mfv7JlP0LR31C'),
('M03', 'Mario', 'Balotelli', '0854342344', 'marioba12345@gmail.com', '$2b$10$yU4OxRHxKvz58cCtUOaRpOFbzUyExwTVu90ClNbIXLXrWvHnTavmu'),
('M04', 'Palmer', 'Cold', '0956375353', 'colepalmer123@gmail.com', '$2b$10$O.vPFWmeTsNtQYDjyChnmuRRHF47XaiH.t44ktFYNlrWnVe7ABl/O'),
('M05', 'Cucurella', 'Marc', '0635417892', 'cucurella123@gmail.com', '$2b$10$YmT/esnkenAGSHFHlFYY8.G0frB4R7Vfm0PtHrjNXfu9EXiaS5fWm'),
('M06', 'น้อย', 'หน่า', '0623541547', 'noi123@gmail.com', '$2b$10$vp7sBhc4FqSE0KVPj8rg/eCyLXaocan0I6wBtotGTinggUeUBz6pe');

-- --------------------------------------------------------

--
-- Table structure for table `order`
--

CREATE TABLE `order` (
  `Order_id` varchar(3) NOT NULL,
  `IDCARD` varchar(13) NOT NULL,
  `Price` float DEFAULT NULL,
  `Order_date` date NOT NULL,
  `Order_time` time NOT NULL,
  `Admin_confirm_time` time NOT NULL,
  `People_cancel` varchar(10) NOT NULL,
  `Member_id` varchar(3) NOT NULL,
  `Admin_id` varchar(3) DEFAULT NULL,
  `Status_id` varchar(4) DEFAULT NULL,
  `Receipt_id` int(10) DEFAULT NULL,
  `ShowDate_id` varchar(3) NOT NULL,
  `Seat_Number` varchar(20) NOT NULL,
  `Concert_id` varchar(3) NOT NULL,
  `Rating` int(2) DEFAULT NULL
) ENGINE=InnoDB DEFAULT CHARSET=utf8mb4 COLLATE=utf8mb4_general_ci;

--
-- Dumping data for table `order`
--

INSERT INTO `order` (`Order_id`, `IDCARD`, `Price`, `Order_date`, `Order_time`, `Admin_confirm_time`, `People_cancel`, `Member_id`, `Admin_id`, `Status_id`, `Receipt_id`, `ShowDate_id`, `Seat_Number`, `Concert_id`, `Rating`) VALUES
('O01', '1234567895343', NULL, '2025-10-14', '17:15:07', '00:00:00', 'System', 'M01', NULL, 'S004', NULL, 'S01', 'A11', 'C01', NULL),
('O01', '2352343453453', NULL, '2025-10-14', '17:15:08', '00:00:00', 'System', 'M01', NULL, 'S004', NULL, 'S01', 'A12', 'C01', NULL),
('O02', '3534534534534', 5000, '2025-10-14', '18:12:33', '18:23:35', '', 'M01', 'A01', 'S003', 1, 'S01', 'A11', 'C01', NULL),
('O02', '4534534534534', 5000, '2025-10-14', '18:12:33', '18:23:35', '', 'M01', 'A01', 'S003', 1, 'S01', 'A12', 'C01', NULL),
('O03', '5343454354434', 6900, '2025-10-14', '18:23:01', '22:13:42', '', 'M01', 'A01', 'S003', 2, 'S02', 'A13', 'C02', NULL),
('O03', '5353535433434', 6900, '2025-10-14', '18:23:01', '22:13:42', '', 'M01', 'A01', 'S003', 2, 'S02', 'A14', 'C02', NULL),
('O03', '5434343453435', 6900, '2025-10-14', '18:23:01', '22:13:42', '', 'M01', 'A01', 'S003', 2, 'S02', 'A15', 'C02', NULL),
('O04', '2342343434343', 7600, '2025-01-23', '22:13:18', '22:13:49', '', 'M04', 'A01', 'S003', 3, 'S11', 'A09', 'C10', 2),
('O04', '4312345351315', 7600, '2025-01-23', '22:13:19', '22:13:49', '', 'M04', 'A01', 'S003', 3, 'S11', 'A10', 'C10', 2),
('O04', '1315313543345', 7600, '2025-01-23', '22:13:18', '22:13:49', '', 'M04', 'A01', 'S003', 3, 'S11', 'A11', 'C10', 2),
('O04', '1354343545434', 7600, '2025-01-23', '22:13:19', '22:13:49', '', 'M04', 'A01', 'S003', 3, 'S11', 'A12', 'C10', 2),
('O05', '1323434232434', 3500, '2025-02-14', '22:30:07', '22:30:43', '', 'M04', 'A01', 'S003', 4, 'S07', 'C11', 'C06', NULL),
('O05', '1234343543133', 3500, '2025-02-14', '22:30:07', '22:30:43', '', 'M04', 'A01', 'S003', 4, 'S07', 'C12', 'C06', NULL),
('O06', '1534637453737', 4000, '2025-10-14', '22:41:01', '22:42:09', '', 'M04', 'A01', 'S003', 5, 'S06', 'B09', 'C05', NULL),
('O06', '1231535737373', 4000, '2025-10-14', '22:41:01', '22:42:09', '', 'M04', 'A01', 'S003', 5, 'S06', 'B10', 'C05', NULL),
('O06', '1243434564564', 4000, '2025-03-14', '22:41:01', '22:42:09', '', 'M04', 'A01', 'S003', 5, 'S06', 'B11', 'C05', NULL),
('O06', '3153857315313', 4000, '2025-03-14', '22:41:02', '22:42:09', '', 'M04', 'A01', 'S003', 5, 'S06', 'B12', 'C05', NULL),
('O07', '2234534345345', 2300, '2025-04-25', '22:43:46', '22:45:30', '', 'M04', 'A01', 'S003', 6, 'S03', 'G11', 'C03', NULL),
('O07', '3135434345343', 2300, '2025-04-25', '22:43:47', '22:45:30', '', 'M04', 'A01', 'S003', 6, 'S03', 'G12', 'C03', NULL),
('O07', '3453435453434', 2300, '2025-04-25', '22:43:47', '22:45:30', '', 'M04', 'A01', 'S003', 6, 'S03', 'G13', 'C03', NULL),
('O07', '4353453453453', 2300, '2025-04-25', '22:43:47', '22:45:30', '', 'M04', 'A01', 'S003', 6, 'S03', 'G14', 'C03', NULL),
('O08', '2345134534534', 5000, '2025-10-14', '22:47:36', '22:48:37', '', 'M04', 'A01', 'S003', 7, 'S01', 'B07', 'C01', NULL),
('O08', '3123453834834', 5000, '2025-10-14', '22:47:37', '22:48:37', '', 'M04', 'A01', 'S003', 7, 'S01', 'B08', 'C01', NULL),
('O08', '5234538767867', 5000, '2025-10-14', '22:47:37', '22:48:37', '', 'M04', 'A01', 'S003', 7, 'S01', 'B09', 'C01', NULL),
('O08', '3213534838435', 5000, '2025-10-14', '22:47:37', '22:48:37', '', 'M04', 'A01', 'S003', 7, 'S01', 'B10', 'C01', NULL),
('O09', '3453453534345', NULL, '2025-10-14', '22:52:53', '00:00:00', 'System', 'M01', NULL, 'S004', NULL, 'S05', 'A10', 'C01', NULL),
('O09', '2135434534534', NULL, '2025-10-14', '22:52:53', '00:00:00', 'System', 'M01', NULL, 'S004', NULL, 'S05', 'A11', 'C01', NULL),
('O09', '3453453123153', NULL, '2025-10-14', '22:52:54', '00:00:00', 'System', 'M01', NULL, 'S004', NULL, 'S05', 'A12', 'C01', NULL),
('O09', '4534345345345', NULL, '2025-10-14', '22:52:54', '00:00:00', 'System', 'M01', NULL, 'S004', NULL, 'S05', 'A13', 'C01', NULL),
('O10', '5345345345345', NULL, '2025-10-14', '22:52:57', '00:00:00', 'System', 'M02', NULL, 'S004', NULL, 'S05', 'A10', 'C01', NULL),
('O10', '5434534534534', NULL, '2025-10-14', '22:52:57', '00:00:00', 'System', 'M02', NULL, 'S004', NULL, 'S05', 'A11', 'C01', NULL),
('O10', '3153434348434', NULL, '2025-10-14', '22:52:57', '00:00:00', 'System', 'M02', NULL, 'S004', NULL, 'S05', 'A12', 'C01', NULL),
('O10', '4534352135843', NULL, '2025-10-14', '22:52:57', '00:00:00', 'System', 'M02', NULL, 'S004', NULL, 'S05', 'A13', 'C01', NULL),
('O11', '3545345351315', 7600, '2025-05-09', '23:04:45', '23:05:18', '', 'M01', 'A01', 'S003', 8, 'S11', 'A14', 'C10', 4),
('O11', '3453453543434', 7600, '2025-05-09', '23:04:45', '23:05:18', '', 'M01', 'A01', 'S003', 8, 'S11', 'A15', 'C10', 4),
('O12', '3534534534534', 7600, '2025-06-07', '23:06:07', '23:06:37', '', 'M02', 'A01', 'S003', 9, 'S11', 'B08', 'C10', 3),
('O12', '3453453453435', 7600, '2025-06-07', '23:06:07', '23:06:37', '', 'M02', 'A01', 'S003', 9, 'S11', 'B09', 'C10', 3),
('O13', '3453453483483', 7600, '2025-07-02', '23:07:25', '23:07:51', '', 'M03', 'A01', 'S003', 10, 'S11', 'C12', 'C10', 5),
('O13', '2315345345345', 7600, '2025-07-02', '23:07:25', '23:07:51', '', 'M03', 'A01', 'S003', 10, 'S11', 'C13', 'C10', 5),
('O14', '3432313453453', 4000, '2025-08-08', '23:12:24', '23:15:03', '', 'M03', 'A01', 'S003', 11, 'S06', 'A11', 'C05', NULL),
('O14', '4345353135134', 4000, '2025-08-08', '23:12:25', '23:15:03', '', 'M03', 'A01', 'S003', 11, 'S06', 'A12', 'C05', NULL),
('O14', '4353135763783', 4000, '2025-08-08', '23:12:25', '23:15:03', '', 'M03', 'A01', 'S003', 11, 'S06', 'A13', 'C05', NULL),
('O15', '5345345345345', 2300, '2025-09-11', '23:13:35', '23:18:24', '', 'M03', 'A01', 'S003', 12, 'S03', 'E12', 'C03', NULL),
('O15', '3153453434535', 2300, '2025-09-11', '23:13:35', '23:18:24', '', 'M03', 'A01', 'S003', 12, 'S03', 'E13', 'C03', NULL),
('O15', '3153534343453', 2300, '2025-09-11', '23:13:35', '23:18:24', '', 'M03', 'A01', 'S003', 12, 'S03', 'E14', 'C03', NULL),
('O16', '1234534567898', NULL, '2025-10-15', '15:09:50', '00:00:00', 'System', 'M06', NULL, 'S004', NULL, 'S06', 'A01', 'C05', NULL),
('O16', '1234263456678', NULL, '2025-10-15', '15:09:50', '00:00:00', 'System', 'M06', NULL, 'S004', NULL, 'S06', 'A02', 'C05', NULL),
('O16', '6148949894915', NULL, '2025-10-15', '15:09:50', '00:00:00', 'System', 'M06', NULL, 'S004', NULL, 'S06', 'A03', 'C05', NULL),
('O16', '6148949894914', NULL, '2025-10-15', '15:09:50', '00:00:00', 'System', 'M06', NULL, 'S004', NULL, 'S06', 'A04', 'C05', NULL),
('O17', '1234234322131', 4000, '2025-10-15', '15:12:27', '15:29:50', '', 'M06', 'A01', 'S003', 13, 'S06', 'A01', 'C05', 5),
('O17', '1234543434538', 4000, '2025-10-15', '15:12:28', '15:29:50', '', 'M06', 'A01', 'S003', 13, 'S06', 'A02', 'C05', 5),
('O17', '1561895181256', 4000, '2025-10-15', '15:12:28', '15:29:50', '', 'M06', 'A01', 'S003', 13, 'S06', 'A03', 'C05', 5),
('O17', '1651894561235', 4000, '2025-10-15', '15:12:28', '15:29:50', '', 'M06', 'A01', 'S003', 13, 'S06', 'A04', 'C05', 5),
('O18', '1534534534538', 5000, '2025-10-15', '15:42:41', '00:00:00', '', 'M06', NULL, 'S001', NULL, 'S01', 'C13', 'C01', NULL),
('O18', '1535378378378', 5000, '2025-10-15', '15:42:41', '00:00:00', '', 'M06', NULL, 'S001', NULL, 'S01', 'C14', 'C01', NULL),
('O18', '3873783838333', 5000, '2025-10-15', '15:42:41', '00:00:00', '', 'M06', NULL, 'S001', NULL, 'S01', 'C15', 'C01', NULL),
('O18', '1355434348348', 5000, '2025-10-15', '15:42:41', '00:00:00', '', 'M06', NULL, 'S001', NULL, 'S01', 'C16', 'C01', NULL),
('O19', '5345343553434', NULL, '2025-10-16', '02:23:06', '00:00:00', 'System', 'M03', NULL, 'S004', NULL, 'S04', 'B13', 'C04', NULL),
('O19', '5345343553433', NULL, '2025-10-16', '02:23:07', '00:00:00', 'System', 'M03', NULL, 'S004', NULL, 'S04', 'B14', 'C04', NULL),
('O20', '', 5000, '2025-10-16', '11:43:34', '00:00:00', '', 'M03', NULL, 'S001', NULL, 'S01', 'D09', 'C01', NULL),
('O20', '', 5000, '2025-10-16', '11:43:34', '00:00:00', '', 'M03', NULL, 'S001', NULL, 'S01', 'D10', 'C01', NULL);

-- --------------------------------------------------------

--
-- Table structure for table `receipt`
--

CREATE TABLE `receipt` (
  `Receipt_id` int(10) NOT NULL,
  `Slip_file` varchar(50) NOT NULL,
  `Slip_date` date NOT NULL,
  `Slip_time` time NOT NULL,
  `Receipt_date` date NOT NULL
) ENGINE=InnoDB DEFAULT CHARSET=utf8mb4 COLLATE=utf8mb4_general_ci;

--
-- Dumping data for table `receipt`
--

INSERT INTO `receipt` (`Receipt_id`, `Slip_file`, `Slip_date`, `Slip_time`, `Receipt_date`) VALUES
(1, 'slip_payment 1.jpg', '2025-10-14', '18:13:00', '2025-10-14'),
(2, 'slip_payment 2.jpg', '2025-10-14', '18:23:00', '2025-10-14'),
(3, 'slip_payment 3.jpg', '2025-01-23', '22:13:00', '2025-01-23'),
(4, 'slip_payment 4.jpg', '2025-02-14', '22:30:00', '2025-02-14'),
(5, 'slip_payment 5.jpg', '2025-03-14', '22:41:00', '2025-03-14'),
(6, 'slip_payment 6.jpg', '2025-04-25', '22:45:00', '2025-04-25'),
(7, 'slip_payment7.jpg', '2025-09-30', '22:48:00', '2025-09-30'),
(8, 'slip_payment8.jpg', '2025-05-09', '23:04:00', '2025-05-09'),
(9, 'slip_payment9.jpg', '2025-06-07', '23:06:00', '2025-06-07'),
(10, 'slip_payment10.jpg', '2025-07-02', '23:07:00', '2025-07-02'),
(11, 'slip_payment 11.jpg', '2025-08-08', '23:12:00', '2025-08-08'),
(12, 'slip_payment 12.jpg', '2025-09-11', '23:14:00', '2025-09-11'),
(13, 'slip_payment 12646543434.jpg', '2025-10-15', '15:13:00', '2025-10-15');

-- --------------------------------------------------------

--
-- Table structure for table `seat`
--

CREATE TABLE `seat` (
  `Seat_Number` varchar(20) NOT NULL,
  `Seat_Status` varchar(50) NOT NULL
) ENGINE=InnoDB DEFAULT CHARSET=utf8mb4 COLLATE=utf8mb4_general_ci;

--
-- Dumping data for table `seat`
--

INSERT INTO `seat` (`Seat_Number`, `Seat_Status`) VALUES
('A01', 'ปกติ'),
('A02', 'ปกติ'),
('A03', 'ปกติ'),
('A04', 'ปกติ'),
('A05', 'ปกติ'),
('A06', 'ปกติ'),
('A07', 'ปกติ'),
('A08', 'ปกติ'),
('A09', 'ปกติ'),
('A10', 'ปกติ'),
('A11', 'ปกติ'),
('A12', 'ปกติ'),
('A13', 'ปกติ'),
('A14', 'ปกติ'),
('A15', 'ปกติ'),
('A16', 'ปกติ'),
('A17', 'ปกติ'),
('A18', 'ปกติ'),
('A19', 'ปกติ'),
('A20', 'ปกติ'),
('A21', 'ปกติ'),
('A22', 'ปกติ'),
('A23', 'ปกติ'),
('A24', 'ปกติ'),
('A25', 'ปกติ'),
('B01', 'ปกติ'),
('B02', 'ปกติ'),
('B03', 'ปกติ'),
('B04', 'ปกติ'),
('B05', 'ปกติ'),
('B06', 'ปกติ'),
('B07', 'ปกติ'),
('B08', 'ปกติ'),
('B09', 'ปกติ'),
('B10', 'ปกติ'),
('B11', 'ปกติ'),
('B12', 'ปกติ'),
('B13', 'ปกติ'),
('B14', 'ปกติ'),
('B15', 'ปกติ'),
('B16', 'ปกติ'),
('B17', 'ปกติ'),
('B18', 'ปกติ'),
('B19', 'ปกติ'),
('B20', 'ปกติ'),
('B21', 'ปกติ'),
('B22', 'ปกติ'),
('B23', 'ปกติ'),
('B24', 'ปกติ'),
('B25', 'ปกติ'),
('C01', 'ปกติ'),
('C02', 'ปกติ'),
('C03', 'ปกติ'),
('C04', 'ปกติ'),
('C05', 'ปกติ'),
('C06', 'ปกติ'),
('C07', 'ปกติ'),
('C08', 'ปกติ'),
('C09', 'ปกติ'),
('C10', 'ปกติ'),
('C11', 'ปกติ'),
('C12', 'ปกติ'),
('C13', 'ปกติ'),
('C14', 'ปกติ'),
('C15', 'ปกติ'),
('C16', 'ปกติ'),
('C17', 'ปกติ'),
('C18', 'ปกติ'),
('C19', 'ปกติ'),
('C20', 'ปกติ'),
('C21', 'ปกติ'),
('C22', 'ปกติ'),
('C23', 'ปกติ'),
('C24', 'ปกติ'),
('C25', 'ปกติ'),
('D01', 'ปกติ'),
('D02', 'ปกติ'),
('D03', 'ปกติ'),
('D04', 'ปกติ'),
('D05', 'ปกติ'),
('D06', 'ปกติ'),
('D07', 'ปกติ'),
('D08', 'ปกติ'),
('D09', 'ปกติ'),
('D10', 'ปกติ'),
('D11', 'ปกติ'),
('D12', 'ปกติ'),
('D13', 'ปกติ'),
('D14', 'ปกติ'),
('D15', 'ปกติ'),
('D16', 'ปกติ'),
('D17', 'ปกติ'),
('D18', 'ปกติ'),
('D19', 'ปกติ'),
('D20', 'ปกติ'),
('D21', 'ปกติ'),
('D22', 'ปกติ'),
('D23', 'ปกติ'),
('D24', 'ปกติ'),
('D25', 'ปกติ'),
('E01', 'ปกติ'),
('E02', 'ปกติ'),
('E03', 'ปกติ'),
('E04', 'ปกติ'),
('E05', 'ปกติ'),
('E06', 'ปกติ'),
('E07', 'ปกติ'),
('E08', 'ปกติ'),
('E09', 'ปกติ'),
('E10', 'ปกติ'),
('E11', 'ปกติ'),
('E12', 'ปกติ'),
('E13', 'ปกติ'),
('E14', 'ปกติ'),
('E15', 'ปกติ'),
('E16', 'ปกติ'),
('E17', 'ปกติ'),
('E18', 'ปกติ'),
('E19', 'ปกติ'),
('E20', 'ปกติ'),
('E21', 'ปกติ'),
('E22', 'ปกติ'),
('E23', 'ปกติ'),
('E24', 'ปกติ'),
('E25', 'ปกติ'),
('F01', 'ปกติ'),
('F02', 'ปกติ'),
('F03', 'ปกติ'),
('F04', 'ปกติ'),
('F05', 'ปกติ'),
('F06', 'ปกติ'),
('F07', 'ปกติ'),
('F08', 'ปกติ'),
('F09', 'ปกติ'),
('F10', 'ปกติ'),
('F11', 'ปกติ'),
('F12', 'ปกติ'),
('F13', 'ปกติ'),
('F14', 'ปกติ'),
('F15', 'ปกติ'),
('F16', 'ปกติ'),
('F17', 'ปกติ'),
('F18', 'ปกติ'),
('F19', 'ปกติ'),
('F20', 'ปกติ'),
('F21', 'ปกติ'),
('F22', 'ปกติ'),
('F23', 'ปกติ'),
('F24', 'ปกติ'),
('F25', 'ปกติ'),
('G01', 'ปกติ'),
('G02', 'ปกติ'),
('G03', 'ปกติ'),
('G04', 'ปกติ'),
('G05', 'ปกติ'),
('G06', 'ปกติ'),
('G07', 'ปกติ'),
('G08', 'ปกติ'),
('G09', 'ปกติ'),
('G10', 'ปกติ'),
('G11', 'ปกติ'),
('G12', 'ปกติ'),
('G13', 'ปกติ'),
('G14', 'ปกติ'),
('G15', 'ปกติ'),
('G16', 'ปกติ'),
('G17', 'ปกติ'),
('G18', 'ปกติ'),
('G19', 'ปกติ'),
('G20', 'ปกติ'),
('G21', 'ปกติ'),
('G22', 'ปกติ'),
('G23', 'ปกติ'),
('G24', 'ปกติ'),
('G25', 'ปกติ'),
('H01', 'ปกติ'),
('H02', 'ปกติ'),
('H03', 'ปกติ'),
('H04', 'ปกติ'),
('H05', 'ปกติ'),
('H06', 'ปกติ'),
('H07', 'ปกติ'),
('H08', 'ปกติ'),
('H09', 'ปกติ'),
('H10', 'ปกติ'),
('H11', 'ปกติ'),
('H12', 'ปกติ'),
('H13', 'ปกติ'),
('H14', 'ปกติ'),
('H15', 'ปกติ'),
('H16', 'ปกติ'),
('H17', 'ปกติ'),
('H18', 'ปกติ'),
('H19', 'ปกติ'),
('H20', 'ปกติ'),
('H21', 'ปกติ'),
('H22', 'ปกติ'),
('H23', 'ปกติ'),
('H24', 'ปกติ'),
('H25', 'ปกติ'),
('I01', 'ปกติ'),
('I02', 'ปกติ'),
('I03', 'ปกติ'),
('I04', 'ปกติ'),
('I05', 'ปกติ'),
('I06', 'ปกติ'),
('I07', 'ปกติ'),
('I08', 'ปกติ'),
('I09', 'ปกติ'),
('I10', 'ปกติ'),
('I11', 'ปกติ'),
('I12', 'ปกติ'),
('I13', 'ปกติ'),
('I14', 'ปกติ'),
('I15', 'ปกติ'),
('I16', 'ปกติ'),
('I17', 'ปกติ'),
('I18', 'ปกติ'),
('I19', 'ปกติ'),
('I20', 'ปกติ'),
('I21', 'ปกติ'),
('I22', 'ปกติ'),
('I23', 'ปกติ'),
('I24', 'ปกติ'),
('I25', 'ปกติ'),
('J01', 'ปกติ'),
('J02', 'ปกติ'),
('J03', 'ปกติ'),
('J04', 'ปกติ'),
('J05', 'ปกติ'),
('J06', 'ปกติ'),
('J07', 'ปกติ'),
('J08', 'ปกติ'),
('J09', 'ปกติ'),
('J10', 'ปกติ'),
('J11', 'ปกติ'),
('J12', 'ปกติ'),
('J13', 'ปกติ'),
('J14', 'ปกติ'),
('J15', 'ปกติ'),
('J16', 'ปกติ'),
('J17', 'ปกติ'),
('J18', 'ปกติ'),
('J19', 'ปกติ'),
('J20', 'ปกติ'),
('J21', 'ปกติ'),
('J22', 'ปกติ'),
('J23', 'ปกติ'),
('J24', 'ปกติ'),
('J25', 'ปกติ'),
('K01', 'ปกติ'),
('K02', 'ปกติ'),
('K03', 'ปกติ'),
('K04', 'ปกติ'),
('K05', 'ปกติ'),
('K06', 'ปกติ'),
('K07', 'ปกติ'),
('K08', 'ปกติ'),
('K09', 'ปกติ'),
('K10', 'ปกติ'),
('K11', 'ปกติ'),
('K12', 'ปกติ'),
('K13', 'ปกติ'),
('K14', 'ปกติ'),
('K15', 'ปกติ'),
('K16', 'ปกติ'),
('K17', 'ปกติ'),
('K18', 'ปกติ'),
('K19', 'ปกติ'),
('K20', 'ปกติ'),
('K21', 'ปกติ'),
('K22', 'ปกติ'),
('K23', 'ปกติ'),
('K24', 'ปกติ'),
('K25', 'ปกติ'),
('L01', 'ปกติ'),
('L02', 'ปกติ'),
('L03', 'ปกติ'),
('L04', 'ปกติ'),
('L05', 'ปกติ'),
('L06', 'ปกติ'),
('L07', 'ปกติ'),
('L08', 'ปกติ'),
('L09', 'ปกติ'),
('L10', 'ปกติ'),
('L11', 'ปกติ'),
('L12', 'ปกติ'),
('L13', 'ปกติ'),
('L14', 'ปกติ'),
('L15', 'ปกติ'),
('L16', 'ปกติ'),
('L17', 'ปกติ'),
('L18', 'ปกติ'),
('L19', 'ปกติ'),
('L20', 'ปกติ'),
('L21', 'ปกติ'),
('L22', 'ปกติ'),
('L23', 'ปกติ'),
('L24', 'ปกติ'),
('L25', 'ปกติ'),
('M01', 'ปกติ'),
('M02', 'ปกติ'),
('M03', 'ปกติ'),
('M04', 'ปกติ'),
('M05', 'ปกติ'),
('M06', 'ปกติ'),
('M07', 'ปกติ'),
('M08', 'ปกติ'),
('M09', 'ปกติ'),
('M10', 'ปกติ'),
('M11', 'ปกติ'),
('M12', 'ปกติ'),
('M13', 'ปกติ'),
('M14', 'ปกติ'),
('M15', 'ปกติ'),
('M16', 'ปกติ'),
('M17', 'ปกติ'),
('M18', 'ปกติ'),
('M19', 'ปกติ'),
('M20', 'ปกติ'),
('M21', 'ปกติ'),
('M22', 'ปกติ'),
('M23', 'ปกติ'),
('M24', 'ปกติ'),
('M25', 'ปกติ'),
('N01', 'ปกติ'),
('N02', 'ปกติ'),
('N03', 'ปกติ'),
('N04', 'ปกติ'),
('N05', 'ปกติ'),
('N06', 'ปกติ'),
('N07', 'ปกติ'),
('N08', 'ปกติ'),
('N09', 'ปกติ'),
('N10', 'ปกติ'),
('N11', 'ปกติ'),
('N12', 'ปกติ'),
('N13', 'ปกติ'),
('N14', 'ปกติ'),
('N15', 'ปกติ'),
('N16', 'ปกติ'),
('N17', 'ปกติ'),
('N18', 'ปกติ'),
('N19', 'ปกติ'),
('N20', 'ปกติ'),
('N21', 'ปกติ'),
('N22', 'ปกติ'),
('N23', 'ปกติ'),
('N24', 'ปกติ'),
('N25', 'ปกติ'),
('O01', 'ปกติ'),
('O02', 'ปกติ'),
('O03', 'ปกติ'),
('O04', 'ปกติ'),
('O05', 'ปกติ'),
('O06', 'ปกติ'),
('O07', 'ปกติ'),
('O08', 'ปกติ'),
('O09', 'ปกติ'),
('O10', 'ปกติ'),
('O11', 'ปกติ'),
('O12', 'ปกติ'),
('O13', 'ปกติ'),
('O14', 'ปกติ'),
('O15', 'ปกติ'),
('O16', 'ปกติ'),
('O17', 'ปกติ'),
('O18', 'ปกติ'),
('O19', 'ปกติ'),
('O20', 'ปกติ'),
('O21', 'ปกติ'),
('O22', 'ปกติ'),
('O23', 'ปกติ'),
('O24', 'ปกติ'),
('O25', 'ปกติ'),
('P01', 'ปกติ'),
('P02', 'ปกติ'),
('P03', 'ปกติ'),
('P04', 'ปกติ'),
('P05', 'ปกติ'),
('P06', 'ปกติ'),
('P07', 'ปกติ'),
('P08', 'ปกติ'),
('P09', 'ปกติ'),
('P10', 'ปกติ'),
('P11', 'ปกติ'),
('P12', 'ปกติ'),
('P13', 'ปกติ'),
('P14', 'ปกติ'),
('P15', 'ปกติ'),
('P16', 'ปกติ'),
('P17', 'ปกติ'),
('P18', 'ปกติ'),
('P19', 'ปกติ'),
('P20', 'ปกติ'),
('P21', 'ปกติ'),
('P22', 'ปกติ'),
('P23', 'ปกติ'),
('P24', 'ปกติ'),
('P25', 'ปกติ'),
('Q01', 'ปกติ'),
('Q02', 'ปกติ'),
('Q03', 'ปกติ'),
('Q04', 'ปกติ'),
('Q05', 'ปกติ'),
('Q06', 'ปกติ'),
('Q07', 'ปกติ'),
('Q08', 'ปกติ'),
('Q09', 'ปกติ'),
('Q10', 'ปกติ'),
('Q11', 'ปกติ'),
('Q12', 'ปกติ'),
('Q13', 'ปกติ'),
('Q14', 'ปกติ'),
('Q15', 'ปกติ'),
('Q16', 'ปกติ'),
('Q17', 'ปกติ'),
('Q18', 'ปกติ'),
('Q19', 'ปกติ'),
('Q20', 'ปกติ'),
('Q21', 'ปกติ'),
('Q22', 'ปกติ'),
('Q23', 'ปกติ'),
('Q24', 'ปกติ'),
('Q25', 'ปกติ'),
('R01', 'ปกติ'),
('R02', 'ปกติ'),
('R03', 'ปกติ'),
('R04', 'ปกติ'),
('R05', 'ปกติ'),
('R06', 'ปกติ'),
('R07', 'ปกติ'),
('R08', 'ปกติ'),
('R09', 'ปกติ'),
('R10', 'ปกติ'),
('R11', 'ปกติ'),
('R12', 'ปกติ'),
('R13', 'ปกติ'),
('R14', 'ปกติ'),
('R15', 'ปกติ'),
('R16', 'ปกติ'),
('R17', 'ปกติ'),
('R18', 'ปกติ'),
('R19', 'ปกติ'),
('R20', 'ปกติ'),
('R21', 'ปกติ'),
('R22', 'ปกติ'),
('R23', 'ปกติ'),
('R24', 'ปกติ'),
('R25', 'ปกติ'),
('S01', 'ปกติ'),
('S02', 'ปกติ'),
('S03', 'ปกติ'),
('S04', 'ปกติ'),
('S05', 'ปกติ'),
('S06', 'ปกติ'),
('S07', 'ปกติ'),
('S08', 'ปกติ'),
('S09', 'ปกติ'),
('S10', 'ปกติ'),
('S11', 'ปกติ'),
('S12', 'ปกติ'),
('S13', 'ปกติ'),
('S14', 'ปกติ'),
('S15', 'ปกติ'),
('S16', 'ปกติ'),
('S17', 'ปกติ'),
('S18', 'ปกติ'),
('S19', 'ปกติ'),
('S20', 'ปกติ'),
('S21', 'ปกติ'),
('S22', 'ปกติ'),
('S23', 'ปกติ'),
('S24', 'ปกติ'),
('S25', 'ปกติ'),
('T01', 'ปกติ'),
('T02', 'ปกติ'),
('T03', 'ปกติ'),
('T04', 'ปกติ'),
('T05', 'ปกติ'),
('T06', 'ปกติ'),
('T07', 'ปกติ'),
('T08', 'ปกติ'),
('T09', 'ปกติ'),
('T10', 'ปกติ'),
('T11', 'ปกติ'),
('T12', 'ปกติ'),
('T13', 'ปกติ'),
('T14', 'ปกติ'),
('T15', 'ปกติ'),
('T16', 'ปกติ'),
('T17', 'ปกติ'),
('T18', 'ปกติ'),
('T19', 'ปกติ'),
('T20', 'ปกติ'),
('T21', 'ปกติ'),
('T22', 'ปกติ'),
('T23', 'ปกติ'),
('T24', 'ปกติ'),
('T25', 'ปกติ');

-- --------------------------------------------------------

--
-- Table structure for table `showdate`
--

CREATE TABLE `showdate` (
  `ShowDate_id` varchar(3) NOT NULL,
  `ShowDate` date NOT NULL,
  `ShowStart` time NOT NULL,
  `TotalSeat` int(3) NOT NULL,
  `ShowTime` varchar(2) NOT NULL,
  `Concert_id` varchar(3) NOT NULL
) ENGINE=InnoDB DEFAULT CHARSET=utf8mb4 COLLATE=utf8mb4_general_ci;

--
-- Dumping data for table `showdate`
--

INSERT INTO `showdate` (`ShowDate_id`, `ShowDate`, `ShowStart`, `TotalSeat`, `ShowTime`, `Concert_id`) VALUES
('S01', '2025-10-16', '15:00:00', 200, '5', 'C01'),
('S02', '2025-11-20', '14:30:00', 500, '5', 'C02'),
('S03', '2025-12-10', '14:40:00', 500, '7', 'C03'),
('S04', '2025-11-29', '15:00:00', 100, '8', 'C04'),
('S05', '2025-11-21', '15:00:00', 200, '6', 'C01'),
('S06', '2025-10-15', '10:10:00', 50, '4', 'C05'),
('S07', '2025-12-27', '18:00:00', 200, '5', 'C06'),
('S08', '2025-11-28', '17:00:00', 250, '8', 'C07'),
('S09', '2025-10-17', '20:30:00', 200, '7', 'C08'),
('S10', '2025-11-06', '21:00:00', 123, '6', 'C09'),
('S11', '2025-10-14', '15:30:00', 100, '7', 'C10'),
('S12', '2025-10-16', '15:20:00', 500, '7', 'C11'),
('S13', '2025-10-17', '15:25:00', 300, '7', 'C11');

-- --------------------------------------------------------

--
-- Table structure for table `showdateandseat`
--

CREATE TABLE `showdateandseat` (
  `Status` varchar(10) NOT NULL,
  `ShowDate_id` varchar(3) NOT NULL,
  `Seat_Number` varchar(20) NOT NULL,
  `Concert_id` varchar(3) NOT NULL
) ENGINE=InnoDB DEFAULT CHARSET=utf8mb4 COLLATE=utf8mb4_general_ci;

--
-- Dumping data for table `showdateandseat`
--

INSERT INTO `showdateandseat` (`Status`, `ShowDate_id`, `Seat_Number`, `Concert_id`) VALUES
('ว่าง', 'S01', 'A01', 'C01'),
('ว่าง', 'S01', 'A02', 'C01'),
('ว่าง', 'S01', 'A03', 'C01'),
('ว่าง', 'S01', 'A04', 'C01'),
('ว่าง', 'S01', 'A05', 'C01'),
('ว่าง', 'S01', 'A06', 'C01'),
('ว่าง', 'S01', 'A07', 'C01'),
('ว่าง', 'S01', 'A08', 'C01'),
('ว่าง', 'S01', 'A09', 'C01'),
('ว่าง', 'S01', 'A10', 'C01'),
('จองแล้ว', 'S01', 'A11', 'C01'),
('จองแล้ว', 'S01', 'A12', 'C01'),
('ว่าง', 'S01', 'A13', 'C01'),
('ว่าง', 'S01', 'A14', 'C01'),
('ว่าง', 'S01', 'A15', 'C01'),
('ว่าง', 'S01', 'A16', 'C01'),
('ว่าง', 'S01', 'A17', 'C01'),
('ว่าง', 'S01', 'A18', 'C01'),
('ว่าง', 'S01', 'A19', 'C01'),
('ว่าง', 'S01', 'A20', 'C01'),
('ว่าง', 'S01', 'A21', 'C01'),
('ว่าง', 'S01', 'A22', 'C01'),
('ว่าง', 'S01', 'A23', 'C01'),
('ว่าง', 'S01', 'A24', 'C01'),
('ว่าง', 'S01', 'A25', 'C01'),
('ว่าง', 'S01', 'B01', 'C01'),
('ว่าง', 'S01', 'B02', 'C01'),
('ว่าง', 'S01', 'B03', 'C01'),
('ว่าง', 'S01', 'B04', 'C01'),
('ว่าง', 'S01', 'B05', 'C01'),
('ว่าง', 'S01', 'B06', 'C01'),
('จองแล้ว', 'S01', 'B07', 'C01'),
('จองแล้ว', 'S01', 'B08', 'C01'),
('จองแล้ว', 'S01', 'B09', 'C01'),
('จองแล้ว', 'S01', 'B10', 'C01'),
('ว่าง', 'S01', 'B11', 'C01'),
('ว่าง', 'S01', 'B12', 'C01'),
('ว่าง', 'S01', 'B13', 'C01'),
('ว่าง', 'S01', 'B14', 'C01'),
('ว่าง', 'S01', 'B15', 'C01'),
('ว่าง', 'S01', 'B16', 'C01'),
('ว่าง', 'S01', 'B17', 'C01'),
('ว่าง', 'S01', 'B18', 'C01'),
('ว่าง', 'S01', 'B19', 'C01'),
('ว่าง', 'S01', 'B20', 'C01'),
('ว่าง', 'S01', 'B21', 'C01'),
('ว่าง', 'S01', 'B22', 'C01'),
('ว่าง', 'S01', 'B23', 'C01'),
('ว่าง', 'S01', 'B24', 'C01'),
('ว่าง', 'S01', 'B25', 'C01'),
('ว่าง', 'S01', 'C01', 'C01'),
('ว่าง', 'S01', 'C02', 'C01'),
('ว่าง', 'S01', 'C03', 'C01'),
('ว่าง', 'S01', 'C04', 'C01'),
('ว่าง', 'S01', 'C05', 'C01'),
('ว่าง', 'S01', 'C06', 'C01'),
('ว่าง', 'S01', 'C07', 'C01'),
('ว่าง', 'S01', 'C08', 'C01'),
('ว่าง', 'S01', 'C09', 'C01'),
('ว่าง', 'S01', 'C10', 'C01'),
('ว่าง', 'S01', 'C11', 'C01'),
('ว่าง', 'S01', 'C12', 'C01'),
('จองแล้ว', 'S01', 'C13', 'C01'),
('จองแล้ว', 'S01', 'C14', 'C01'),
('จองแล้ว', 'S01', 'C15', 'C01'),
('จองแล้ว', 'S01', 'C16', 'C01'),
('ว่าง', 'S01', 'C17', 'C01'),
('ว่าง', 'S01', 'C18', 'C01'),
('ว่าง', 'S01', 'C19', 'C01'),
('ว่าง', 'S01', 'C20', 'C01'),
('ว่าง', 'S01', 'C21', 'C01'),
('ว่าง', 'S01', 'C22', 'C01'),
('ว่าง', 'S01', 'C23', 'C01'),
('ว่าง', 'S01', 'C24', 'C01'),
('ว่าง', 'S01', 'C25', 'C01'),
('ว่าง', 'S01', 'D01', 'C01'),
('ว่าง', 'S01', 'D02', 'C01'),
('ว่าง', 'S01', 'D03', 'C01'),
('ว่าง', 'S01', 'D04', 'C01'),
('ว่าง', 'S01', 'D05', 'C01'),
('ว่าง', 'S01', 'D06', 'C01'),
('ว่าง', 'S01', 'D07', 'C01'),
('ว่าง', 'S01', 'D08', 'C01'),
('จองแล้ว', 'S01', 'D09', 'C01'),
('จองแล้ว', 'S01', 'D10', 'C01'),
('ว่าง', 'S01', 'D11', 'C01'),
('ว่าง', 'S01', 'D12', 'C01'),
('ว่าง', 'S01', 'D13', 'C01'),
('ว่าง', 'S01', 'D14', 'C01'),
('ว่าง', 'S01', 'D15', 'C01'),
('ว่าง', 'S01', 'D16', 'C01'),
('ว่าง', 'S01', 'D17', 'C01'),
('ว่าง', 'S01', 'D18', 'C01'),
('ว่าง', 'S01', 'D19', 'C01'),
('ว่าง', 'S01', 'D20', 'C01'),
('ว่าง', 'S01', 'D21', 'C01'),
('ว่าง', 'S01', 'D22', 'C01'),
('ว่าง', 'S01', 'D23', 'C01'),
('ว่าง', 'S01', 'D24', 'C01'),
('ว่าง', 'S01', 'D25', 'C01'),
('ว่าง', 'S01', 'E01', 'C01'),
('ว่าง', 'S01', 'E02', 'C01'),
('ว่าง', 'S01', 'E03', 'C01'),
('ว่าง', 'S01', 'E04', 'C01'),
('ว่าง', 'S01', 'E05', 'C01'),
('ว่าง', 'S01', 'E06', 'C01'),
('ว่าง', 'S01', 'E07', 'C01'),
('ว่าง', 'S01', 'E08', 'C01'),
('ว่าง', 'S01', 'E09', 'C01'),
('ว่าง', 'S01', 'E10', 'C01'),
('ว่าง', 'S01', 'E11', 'C01'),
('ว่าง', 'S01', 'E12', 'C01'),
('ว่าง', 'S01', 'E13', 'C01'),
('ว่าง', 'S01', 'E14', 'C01'),
('ว่าง', 'S01', 'E15', 'C01'),
('ว่าง', 'S01', 'E16', 'C01'),
('ว่าง', 'S01', 'E17', 'C01'),
('ว่าง', 'S01', 'E18', 'C01'),
('ว่าง', 'S01', 'E19', 'C01'),
('ว่าง', 'S01', 'E20', 'C01'),
('ว่าง', 'S01', 'E21', 'C01'),
('ว่าง', 'S01', 'E22', 'C01'),
('ว่าง', 'S01', 'E23', 'C01'),
('ว่าง', 'S01', 'E24', 'C01'),
('ว่าง', 'S01', 'E25', 'C01'),
('ว่าง', 'S01', 'F01', 'C01'),
('ว่าง', 'S01', 'F02', 'C01'),
('ว่าง', 'S01', 'F03', 'C01'),
('ว่าง', 'S01', 'F04', 'C01'),
('ว่าง', 'S01', 'F05', 'C01'),
('ว่าง', 'S01', 'F06', 'C01'),
('ว่าง', 'S01', 'F07', 'C01'),
('ว่าง', 'S01', 'F08', 'C01'),
('ว่าง', 'S01', 'F09', 'C01'),
('ว่าง', 'S01', 'F10', 'C01'),
('ว่าง', 'S01', 'F11', 'C01'),
('ว่าง', 'S01', 'F12', 'C01'),
('ว่าง', 'S01', 'F13', 'C01'),
('ว่าง', 'S01', 'F14', 'C01'),
('ว่าง', 'S01', 'F15', 'C01'),
('ว่าง', 'S01', 'F16', 'C01'),
('ว่าง', 'S01', 'F17', 'C01'),
('ว่าง', 'S01', 'F18', 'C01'),
('ว่าง', 'S01', 'F19', 'C01'),
('ว่าง', 'S01', 'F20', 'C01'),
('ว่าง', 'S01', 'F21', 'C01'),
('ว่าง', 'S01', 'F22', 'C01'),
('ว่าง', 'S01', 'F23', 'C01'),
('ว่าง', 'S01', 'F24', 'C01'),
('ว่าง', 'S01', 'F25', 'C01'),
('ว่าง', 'S01', 'G01', 'C01'),
('ว่าง', 'S01', 'G02', 'C01'),
('ว่าง', 'S01', 'G03', 'C01'),
('ว่าง', 'S01', 'G04', 'C01'),
('ว่าง', 'S01', 'G05', 'C01'),
('ว่าง', 'S01', 'G06', 'C01'),
('ว่าง', 'S01', 'G07', 'C01'),
('ว่าง', 'S01', 'G08', 'C01'),
('ว่าง', 'S01', 'G09', 'C01'),
('ว่าง', 'S01', 'G10', 'C01'),
('ว่าง', 'S01', 'G11', 'C01'),
('ว่าง', 'S01', 'G12', 'C01'),
('ว่าง', 'S01', 'G13', 'C01'),
('ว่าง', 'S01', 'G14', 'C01'),
('ว่าง', 'S01', 'G15', 'C01'),
('ว่าง', 'S01', 'G16', 'C01'),
('ว่าง', 'S01', 'G17', 'C01'),
('ว่าง', 'S01', 'G18', 'C01'),
('ว่าง', 'S01', 'G19', 'C01'),
('ว่าง', 'S01', 'G20', 'C01'),
('ว่าง', 'S01', 'G21', 'C01'),
('ว่าง', 'S01', 'G22', 'C01'),
('ว่าง', 'S01', 'G23', 'C01'),
('ว่าง', 'S01', 'G24', 'C01'),
('ว่าง', 'S01', 'G25', 'C01'),
('ว่าง', 'S01', 'H01', 'C01'),
('ว่าง', 'S01', 'H02', 'C01'),
('ว่าง', 'S01', 'H03', 'C01'),
('ว่าง', 'S01', 'H04', 'C01'),
('ว่าง', 'S01', 'H05', 'C01'),
('ว่าง', 'S01', 'H06', 'C01'),
('ว่าง', 'S01', 'H07', 'C01'),
('ว่าง', 'S01', 'H08', 'C01'),
('ว่าง', 'S01', 'H09', 'C01'),
('ว่าง', 'S01', 'H10', 'C01'),
('ว่าง', 'S01', 'H11', 'C01'),
('ว่าง', 'S01', 'H12', 'C01'),
('ว่าง', 'S01', 'H13', 'C01'),
('ว่าง', 'S01', 'H14', 'C01'),
('ว่าง', 'S01', 'H15', 'C01'),
('ว่าง', 'S01', 'H16', 'C01'),
('ว่าง', 'S01', 'H17', 'C01'),
('ว่าง', 'S01', 'H18', 'C01'),
('ว่าง', 'S01', 'H19', 'C01'),
('ว่าง', 'S01', 'H20', 'C01'),
('ว่าง', 'S01', 'H21', 'C01'),
('ว่าง', 'S01', 'H22', 'C01'),
('ว่าง', 'S01', 'H23', 'C01'),
('ว่าง', 'S01', 'H24', 'C01'),
('ว่าง', 'S01', 'H25', 'C01'),
('ว่าง', 'S02', 'A01', 'C02'),
('ว่าง', 'S02', 'A02', 'C02'),
('ว่าง', 'S02', 'A03', 'C02'),
('ว่าง', 'S02', 'A04', 'C02'),
('ว่าง', 'S02', 'A05', 'C02'),
('ว่าง', 'S02', 'A06', 'C02'),
('ว่าง', 'S02', 'A07', 'C02'),
('ว่าง', 'S02', 'A08', 'C02'),
('ว่าง', 'S02', 'A09', 'C02'),
('ว่าง', 'S02', 'A10', 'C02'),
('ว่าง', 'S02', 'A11', 'C02'),
('ว่าง', 'S02', 'A12', 'C02'),
('จองแล้ว', 'S02', 'A13', 'C02'),
('จองแล้ว', 'S02', 'A14', 'C02'),
('จองแล้ว', 'S02', 'A15', 'C02'),
('ว่าง', 'S02', 'A16', 'C02'),
('ว่าง', 'S02', 'A17', 'C02'),
('ว่าง', 'S02', 'A18', 'C02'),
('ว่าง', 'S02', 'A19', 'C02'),
('ว่าง', 'S02', 'A20', 'C02'),
('ว่าง', 'S02', 'A21', 'C02'),
('ว่าง', 'S02', 'A22', 'C02'),
('ว่าง', 'S02', 'A23', 'C02'),
('ว่าง', 'S02', 'A24', 'C02'),
('ว่าง', 'S02', 'A25', 'C02'),
('ว่าง', 'S02', 'B01', 'C02'),
('ว่าง', 'S02', 'B02', 'C02'),
('ว่าง', 'S02', 'B03', 'C02'),
('ว่าง', 'S02', 'B04', 'C02'),
('ว่าง', 'S02', 'B05', 'C02'),
('ว่าง', 'S02', 'B06', 'C02'),
('ว่าง', 'S02', 'B07', 'C02'),
('ว่าง', 'S02', 'B08', 'C02'),
('ว่าง', 'S02', 'B09', 'C02'),
('ว่าง', 'S02', 'B10', 'C02'),
('ว่าง', 'S02', 'B11', 'C02'),
('ว่าง', 'S02', 'B12', 'C02'),
('ว่าง', 'S02', 'B13', 'C02'),
('ว่าง', 'S02', 'B14', 'C02'),
('ว่าง', 'S02', 'B15', 'C02'),
('ว่าง', 'S02', 'B16', 'C02'),
('ว่าง', 'S02', 'B17', 'C02'),
('ว่าง', 'S02', 'B18', 'C02'),
('ว่าง', 'S02', 'B19', 'C02'),
('ว่าง', 'S02', 'B20', 'C02'),
('ว่าง', 'S02', 'B21', 'C02'),
('ว่าง', 'S02', 'B22', 'C02'),
('ว่าง', 'S02', 'B23', 'C02'),
('ว่าง', 'S02', 'B24', 'C02'),
('ว่าง', 'S02', 'B25', 'C02'),
('ว่าง', 'S02', 'C01', 'C02'),
('ว่าง', 'S02', 'C02', 'C02'),
('ว่าง', 'S02', 'C03', 'C02'),
('ว่าง', 'S02', 'C04', 'C02'),
('ว่าง', 'S02', 'C05', 'C02'),
('ว่าง', 'S02', 'C06', 'C02'),
('ว่าง', 'S02', 'C07', 'C02'),
('ว่าง', 'S02', 'C08', 'C02'),
('ว่าง', 'S02', 'C09', 'C02'),
('ว่าง', 'S02', 'C10', 'C02'),
('ว่าง', 'S02', 'C11', 'C02'),
('ว่าง', 'S02', 'C12', 'C02'),
('ว่าง', 'S02', 'C13', 'C02'),
('ว่าง', 'S02', 'C14', 'C02'),
('ว่าง', 'S02', 'C15', 'C02'),
('ว่าง', 'S02', 'C16', 'C02'),
('ว่าง', 'S02', 'C17', 'C02'),
('ว่าง', 'S02', 'C18', 'C02'),
('ว่าง', 'S02', 'C19', 'C02'),
('ว่าง', 'S02', 'C20', 'C02'),
('ว่าง', 'S02', 'C21', 'C02'),
('ว่าง', 'S02', 'C22', 'C02'),
('ว่าง', 'S02', 'C23', 'C02'),
('ว่าง', 'S02', 'C24', 'C02'),
('ว่าง', 'S02', 'C25', 'C02'),
('ว่าง', 'S02', 'D01', 'C02'),
('ว่าง', 'S02', 'D02', 'C02'),
('ว่าง', 'S02', 'D03', 'C02'),
('ว่าง', 'S02', 'D04', 'C02'),
('ว่าง', 'S02', 'D05', 'C02'),
('ว่าง', 'S02', 'D06', 'C02'),
('ว่าง', 'S02', 'D07', 'C02'),
('ว่าง', 'S02', 'D08', 'C02'),
('ว่าง', 'S02', 'D09', 'C02'),
('ว่าง', 'S02', 'D10', 'C02'),
('ว่าง', 'S02', 'D11', 'C02'),
('ว่าง', 'S02', 'D12', 'C02'),
('ว่าง', 'S02', 'D13', 'C02'),
('ว่าง', 'S02', 'D14', 'C02'),
('ว่าง', 'S02', 'D15', 'C02'),
('ว่าง', 'S02', 'D16', 'C02'),
('ว่าง', 'S02', 'D17', 'C02'),
('ว่าง', 'S02', 'D18', 'C02'),
('ว่าง', 'S02', 'D19', 'C02'),
('ว่าง', 'S02', 'D20', 'C02'),
('ว่าง', 'S02', 'D21', 'C02'),
('ว่าง', 'S02', 'D22', 'C02'),
('ว่าง', 'S02', 'D23', 'C02'),
('ว่าง', 'S02', 'D24', 'C02'),
('ว่าง', 'S02', 'D25', 'C02'),
('ว่าง', 'S02', 'E01', 'C02'),
('ว่าง', 'S02', 'E02', 'C02'),
('ว่าง', 'S02', 'E03', 'C02'),
('ว่าง', 'S02', 'E04', 'C02'),
('ว่าง', 'S02', 'E05', 'C02'),
('ว่าง', 'S02', 'E06', 'C02'),
('ว่าง', 'S02', 'E07', 'C02'),
('ว่าง', 'S02', 'E08', 'C02'),
('ว่าง', 'S02', 'E09', 'C02'),
('ว่าง', 'S02', 'E10', 'C02'),
('ว่าง', 'S02', 'E11', 'C02'),
('ว่าง', 'S02', 'E12', 'C02'),
('ว่าง', 'S02', 'E13', 'C02'),
('ว่าง', 'S02', 'E14', 'C02'),
('ว่าง', 'S02', 'E15', 'C02'),
('ว่าง', 'S02', 'E16', 'C02'),
('ว่าง', 'S02', 'E17', 'C02'),
('ว่าง', 'S02', 'E18', 'C02'),
('ว่าง', 'S02', 'E19', 'C02'),
('ว่าง', 'S02', 'E20', 'C02'),
('ว่าง', 'S02', 'E21', 'C02'),
('ว่าง', 'S02', 'E22', 'C02'),
('ว่าง', 'S02', 'E23', 'C02'),
('ว่าง', 'S02', 'E24', 'C02'),
('ว่าง', 'S02', 'E25', 'C02'),
('ว่าง', 'S02', 'F01', 'C02'),
('ว่าง', 'S02', 'F02', 'C02'),
('ว่าง', 'S02', 'F03', 'C02'),
('ว่าง', 'S02', 'F04', 'C02'),
('ว่าง', 'S02', 'F05', 'C02'),
('ว่าง', 'S02', 'F06', 'C02'),
('ว่าง', 'S02', 'F07', 'C02'),
('ว่าง', 'S02', 'F08', 'C02'),
('ว่าง', 'S02', 'F09', 'C02'),
('ว่าง', 'S02', 'F10', 'C02'),
('ว่าง', 'S02', 'F11', 'C02'),
('ว่าง', 'S02', 'F12', 'C02'),
('ว่าง', 'S02', 'F13', 'C02'),
('ว่าง', 'S02', 'F14', 'C02'),
('ว่าง', 'S02', 'F15', 'C02'),
('ว่าง', 'S02', 'F16', 'C02'),
('ว่าง', 'S02', 'F17', 'C02'),
('ว่าง', 'S02', 'F18', 'C02'),
('ว่าง', 'S02', 'F19', 'C02'),
('ว่าง', 'S02', 'F20', 'C02'),
('ว่าง', 'S02', 'F21', 'C02'),
('ว่าง', 'S02', 'F22', 'C02'),
('ว่าง', 'S02', 'F23', 'C02'),
('ว่าง', 'S02', 'F24', 'C02'),
('ว่าง', 'S02', 'F25', 'C02'),
('ว่าง', 'S02', 'G01', 'C02'),
('ว่าง', 'S02', 'G02', 'C02'),
('ว่าง', 'S02', 'G03', 'C02'),
('ว่าง', 'S02', 'G04', 'C02'),
('ว่าง', 'S02', 'G05', 'C02'),
('ว่าง', 'S02', 'G06', 'C02'),
('ว่าง', 'S02', 'G07', 'C02'),
('ว่าง', 'S02', 'G08', 'C02'),
('ว่าง', 'S02', 'G09', 'C02'),
('ว่าง', 'S02', 'G10', 'C02'),
('ว่าง', 'S02', 'G11', 'C02'),
('ว่าง', 'S02', 'G12', 'C02'),
('ว่าง', 'S02', 'G13', 'C02'),
('ว่าง', 'S02', 'G14', 'C02'),
('ว่าง', 'S02', 'G15', 'C02'),
('ว่าง', 'S02', 'G16', 'C02'),
('ว่าง', 'S02', 'G17', 'C02'),
('ว่าง', 'S02', 'G18', 'C02'),
('ว่าง', 'S02', 'G19', 'C02'),
('ว่าง', 'S02', 'G20', 'C02'),
('ว่าง', 'S02', 'G21', 'C02'),
('ว่าง', 'S02', 'G22', 'C02'),
('ว่าง', 'S02', 'G23', 'C02'),
('ว่าง', 'S02', 'G24', 'C02'),
('ว่าง', 'S02', 'G25', 'C02'),
('ว่าง', 'S02', 'H01', 'C02'),
('ว่าง', 'S02', 'H02', 'C02'),
('ว่าง', 'S02', 'H03', 'C02'),
('ว่าง', 'S02', 'H04', 'C02'),
('ว่าง', 'S02', 'H05', 'C02'),
('ว่าง', 'S02', 'H06', 'C02'),
('ว่าง', 'S02', 'H07', 'C02'),
('ว่าง', 'S02', 'H08', 'C02'),
('ว่าง', 'S02', 'H09', 'C02'),
('ว่าง', 'S02', 'H10', 'C02'),
('ว่าง', 'S02', 'H11', 'C02'),
('ว่าง', 'S02', 'H12', 'C02'),
('ว่าง', 'S02', 'H13', 'C02'),
('ว่าง', 'S02', 'H14', 'C02'),
('ว่าง', 'S02', 'H15', 'C02'),
('ว่าง', 'S02', 'H16', 'C02'),
('ว่าง', 'S02', 'H17', 'C02'),
('ว่าง', 'S02', 'H18', 'C02'),
('ว่าง', 'S02', 'H19', 'C02'),
('ว่าง', 'S02', 'H20', 'C02'),
('ว่าง', 'S02', 'H21', 'C02'),
('ว่าง', 'S02', 'H22', 'C02'),
('ว่าง', 'S02', 'H23', 'C02'),
('ว่าง', 'S02', 'H24', 'C02'),
('ว่าง', 'S02', 'H25', 'C02'),
('ว่าง', 'S02', 'I01', 'C02'),
('ว่าง', 'S02', 'I02', 'C02'),
('ว่าง', 'S02', 'I03', 'C02'),
('ว่าง', 'S02', 'I04', 'C02'),
('ว่าง', 'S02', 'I05', 'C02'),
('ว่าง', 'S02', 'I06', 'C02'),
('ว่าง', 'S02', 'I07', 'C02'),
('ว่าง', 'S02', 'I08', 'C02'),
('ว่าง', 'S02', 'I09', 'C02'),
('ว่าง', 'S02', 'I10', 'C02'),
('ว่าง', 'S02', 'I11', 'C02'),
('ว่าง', 'S02', 'I12', 'C02'),
('ว่าง', 'S02', 'I13', 'C02'),
('ว่าง', 'S02', 'I14', 'C02'),
('ว่าง', 'S02', 'I15', 'C02'),
('ว่าง', 'S02', 'I16', 'C02'),
('ว่าง', 'S02', 'I17', 'C02'),
('ว่าง', 'S02', 'I18', 'C02'),
('ว่าง', 'S02', 'I19', 'C02'),
('ว่าง', 'S02', 'I20', 'C02'),
('ว่าง', 'S02', 'I21', 'C02'),
('ว่าง', 'S02', 'I22', 'C02'),
('ว่าง', 'S02', 'I23', 'C02'),
('ว่าง', 'S02', 'I24', 'C02'),
('ว่าง', 'S02', 'I25', 'C02'),
('ว่าง', 'S02', 'J01', 'C02'),
('ว่าง', 'S02', 'J02', 'C02'),
('ว่าง', 'S02', 'J03', 'C02'),
('ว่าง', 'S02', 'J04', 'C02'),
('ว่าง', 'S02', 'J05', 'C02'),
('ว่าง', 'S02', 'J06', 'C02'),
('ว่าง', 'S02', 'J07', 'C02'),
('ว่าง', 'S02', 'J08', 'C02'),
('ว่าง', 'S02', 'J09', 'C02'),
('ว่าง', 'S02', 'J10', 'C02'),
('ว่าง', 'S02', 'J11', 'C02'),
('ว่าง', 'S02', 'J12', 'C02'),
('ว่าง', 'S02', 'J13', 'C02'),
('ว่าง', 'S02', 'J14', 'C02'),
('ว่าง', 'S02', 'J15', 'C02'),
('ว่าง', 'S02', 'J16', 'C02'),
('ว่าง', 'S02', 'J17', 'C02'),
('ว่าง', 'S02', 'J18', 'C02'),
('ว่าง', 'S02', 'J19', 'C02'),
('ว่าง', 'S02', 'J20', 'C02'),
('ว่าง', 'S02', 'J21', 'C02'),
('ว่าง', 'S02', 'J22', 'C02'),
('ว่าง', 'S02', 'J23', 'C02'),
('ว่าง', 'S02', 'J24', 'C02'),
('ว่าง', 'S02', 'J25', 'C02'),
('ว่าง', 'S02', 'K01', 'C02'),
('ว่าง', 'S02', 'K02', 'C02'),
('ว่าง', 'S02', 'K03', 'C02'),
('ว่าง', 'S02', 'K04', 'C02'),
('ว่าง', 'S02', 'K05', 'C02'),
('ว่าง', 'S02', 'K06', 'C02'),
('ว่าง', 'S02', 'K07', 'C02'),
('ว่าง', 'S02', 'K08', 'C02'),
('ว่าง', 'S02', 'K09', 'C02'),
('ว่าง', 'S02', 'K10', 'C02'),
('ว่าง', 'S02', 'K11', 'C02'),
('ว่าง', 'S02', 'K12', 'C02'),
('ว่าง', 'S02', 'K13', 'C02'),
('ว่าง', 'S02', 'K14', 'C02'),
('ว่าง', 'S02', 'K15', 'C02'),
('ว่าง', 'S02', 'K16', 'C02'),
('ว่าง', 'S02', 'K17', 'C02'),
('ว่าง', 'S02', 'K18', 'C02'),
('ว่าง', 'S02', 'K19', 'C02'),
('ว่าง', 'S02', 'K20', 'C02'),
('ว่าง', 'S02', 'K21', 'C02'),
('ว่าง', 'S02', 'K22', 'C02'),
('ว่าง', 'S02', 'K23', 'C02'),
('ว่าง', 'S02', 'K24', 'C02'),
('ว่าง', 'S02', 'K25', 'C02'),
('ว่าง', 'S02', 'L01', 'C02'),
('ว่าง', 'S02', 'L02', 'C02'),
('ว่าง', 'S02', 'L03', 'C02'),
('ว่าง', 'S02', 'L04', 'C02'),
('ว่าง', 'S02', 'L05', 'C02'),
('ว่าง', 'S02', 'L06', 'C02'),
('ว่าง', 'S02', 'L07', 'C02'),
('ว่าง', 'S02', 'L08', 'C02'),
('ว่าง', 'S02', 'L09', 'C02'),
('ว่าง', 'S02', 'L10', 'C02'),
('ว่าง', 'S02', 'L11', 'C02'),
('ว่าง', 'S02', 'L12', 'C02'),
('ว่าง', 'S02', 'L13', 'C02'),
('ว่าง', 'S02', 'L14', 'C02'),
('ว่าง', 'S02', 'L15', 'C02'),
('ว่าง', 'S02', 'L16', 'C02'),
('ว่าง', 'S02', 'L17', 'C02'),
('ว่าง', 'S02', 'L18', 'C02'),
('ว่าง', 'S02', 'L19', 'C02'),
('ว่าง', 'S02', 'L20', 'C02'),
('ว่าง', 'S02', 'L21', 'C02'),
('ว่าง', 'S02', 'L22', 'C02'),
('ว่าง', 'S02', 'L23', 'C02'),
('ว่าง', 'S02', 'L24', 'C02'),
('ว่าง', 'S02', 'L25', 'C02'),
('ว่าง', 'S02', 'M01', 'C02'),
('ว่าง', 'S02', 'M02', 'C02'),
('ว่าง', 'S02', 'M03', 'C02'),
('ว่าง', 'S02', 'M04', 'C02'),
('ว่าง', 'S02', 'M05', 'C02'),
('ว่าง', 'S02', 'M06', 'C02'),
('ว่าง', 'S02', 'M07', 'C02'),
('ว่าง', 'S02', 'M08', 'C02'),
('ว่าง', 'S02', 'M09', 'C02'),
('ว่าง', 'S02', 'M10', 'C02'),
('ว่าง', 'S02', 'M11', 'C02'),
('ว่าง', 'S02', 'M12', 'C02'),
('ว่าง', 'S02', 'M13', 'C02'),
('ว่าง', 'S02', 'M14', 'C02'),
('ว่าง', 'S02', 'M15', 'C02'),
('ว่าง', 'S02', 'M16', 'C02'),
('ว่าง', 'S02', 'M17', 'C02'),
('ว่าง', 'S02', 'M18', 'C02'),
('ว่าง', 'S02', 'M19', 'C02'),
('ว่าง', 'S02', 'M20', 'C02'),
('ว่าง', 'S02', 'M21', 'C02'),
('ว่าง', 'S02', 'M22', 'C02'),
('ว่าง', 'S02', 'M23', 'C02'),
('ว่าง', 'S02', 'M24', 'C02'),
('ว่าง', 'S02', 'M25', 'C02'),
('ว่าง', 'S02', 'N01', 'C02'),
('ว่าง', 'S02', 'N02', 'C02'),
('ว่าง', 'S02', 'N03', 'C02'),
('ว่าง', 'S02', 'N04', 'C02'),
('ว่าง', 'S02', 'N05', 'C02'),
('ว่าง', 'S02', 'N06', 'C02'),
('ว่าง', 'S02', 'N07', 'C02'),
('ว่าง', 'S02', 'N08', 'C02'),
('ว่าง', 'S02', 'N09', 'C02'),
('ว่าง', 'S02', 'N10', 'C02'),
('ว่าง', 'S02', 'N11', 'C02'),
('ว่าง', 'S02', 'N12', 'C02'),
('ว่าง', 'S02', 'N13', 'C02'),
('ว่าง', 'S02', 'N14', 'C02'),
('ว่าง', 'S02', 'N15', 'C02'),
('ว่าง', 'S02', 'N16', 'C02'),
('ว่าง', 'S02', 'N17', 'C02'),
('ว่าง', 'S02', 'N18', 'C02'),
('ว่าง', 'S02', 'N19', 'C02'),
('ว่าง', 'S02', 'N20', 'C02'),
('ว่าง', 'S02', 'N21', 'C02'),
('ว่าง', 'S02', 'N22', 'C02'),
('ว่าง', 'S02', 'N23', 'C02'),
('ว่าง', 'S02', 'N24', 'C02'),
('ว่าง', 'S02', 'N25', 'C02'),
('ว่าง', 'S02', 'O01', 'C02'),
('ว่าง', 'S02', 'O02', 'C02'),
('ว่าง', 'S02', 'O03', 'C02'),
('ว่าง', 'S02', 'O04', 'C02'),
('ว่าง', 'S02', 'O05', 'C02'),
('ว่าง', 'S02', 'O06', 'C02'),
('ว่าง', 'S02', 'O07', 'C02'),
('ว่าง', 'S02', 'O08', 'C02'),
('ว่าง', 'S02', 'O09', 'C02'),
('ว่าง', 'S02', 'O10', 'C02'),
('ว่าง', 'S02', 'O11', 'C02'),
('ว่าง', 'S02', 'O12', 'C02'),
('ว่าง', 'S02', 'O13', 'C02'),
('ว่าง', 'S02', 'O14', 'C02'),
('ว่าง', 'S02', 'O15', 'C02'),
('ว่าง', 'S02', 'O16', 'C02'),
('ว่าง', 'S02', 'O17', 'C02'),
('ว่าง', 'S02', 'O18', 'C02'),
('ว่าง', 'S02', 'O19', 'C02'),
('ว่าง', 'S02', 'O20', 'C02'),
('ว่าง', 'S02', 'O21', 'C02'),
('ว่าง', 'S02', 'O22', 'C02'),
('ว่าง', 'S02', 'O23', 'C02'),
('ว่าง', 'S02', 'O24', 'C02'),
('ว่าง', 'S02', 'O25', 'C02'),
('ว่าง', 'S02', 'P01', 'C02'),
('ว่าง', 'S02', 'P02', 'C02'),
('ว่าง', 'S02', 'P03', 'C02'),
('ว่าง', 'S02', 'P04', 'C02'),
('ว่าง', 'S02', 'P05', 'C02'),
('ว่าง', 'S02', 'P06', 'C02'),
('ว่าง', 'S02', 'P07', 'C02'),
('ว่าง', 'S02', 'P08', 'C02'),
('ว่าง', 'S02', 'P09', 'C02'),
('ว่าง', 'S02', 'P10', 'C02'),
('ว่าง', 'S02', 'P11', 'C02'),
('ว่าง', 'S02', 'P12', 'C02'),
('ว่าง', 'S02', 'P13', 'C02'),
('ว่าง', 'S02', 'P14', 'C02'),
('ว่าง', 'S02', 'P15', 'C02'),
('ว่าง', 'S02', 'P16', 'C02'),
('ว่าง', 'S02', 'P17', 'C02'),
('ว่าง', 'S02', 'P18', 'C02'),
('ว่าง', 'S02', 'P19', 'C02'),
('ว่าง', 'S02', 'P20', 'C02'),
('ว่าง', 'S02', 'P21', 'C02'),
('ว่าง', 'S02', 'P22', 'C02'),
('ว่าง', 'S02', 'P23', 'C02'),
('ว่าง', 'S02', 'P24', 'C02'),
('ว่าง', 'S02', 'P25', 'C02'),
('ว่าง', 'S02', 'Q01', 'C02'),
('ว่าง', 'S02', 'Q02', 'C02'),
('ว่าง', 'S02', 'Q03', 'C02'),
('ว่าง', 'S02', 'Q04', 'C02'),
('ว่าง', 'S02', 'Q05', 'C02'),
('ว่าง', 'S02', 'Q06', 'C02'),
('ว่าง', 'S02', 'Q07', 'C02'),
('ว่าง', 'S02', 'Q08', 'C02'),
('ว่าง', 'S02', 'Q09', 'C02'),
('ว่าง', 'S02', 'Q10', 'C02'),
('ว่าง', 'S02', 'Q11', 'C02'),
('ว่าง', 'S02', 'Q12', 'C02'),
('ว่าง', 'S02', 'Q13', 'C02'),
('ว่าง', 'S02', 'Q14', 'C02'),
('ว่าง', 'S02', 'Q15', 'C02'),
('ว่าง', 'S02', 'Q16', 'C02'),
('ว่าง', 'S02', 'Q17', 'C02'),
('ว่าง', 'S02', 'Q18', 'C02'),
('ว่าง', 'S02', 'Q19', 'C02'),
('ว่าง', 'S02', 'Q20', 'C02'),
('ว่าง', 'S02', 'Q21', 'C02'),
('ว่าง', 'S02', 'Q22', 'C02'),
('ว่าง', 'S02', 'Q23', 'C02'),
('ว่าง', 'S02', 'Q24', 'C02'),
('ว่าง', 'S02', 'Q25', 'C02'),
('ว่าง', 'S02', 'R01', 'C02'),
('ว่าง', 'S02', 'R02', 'C02'),
('ว่าง', 'S02', 'R03', 'C02'),
('ว่าง', 'S02', 'R04', 'C02'),
('ว่าง', 'S02', 'R05', 'C02'),
('ว่าง', 'S02', 'R06', 'C02'),
('ว่าง', 'S02', 'R07', 'C02'),
('ว่าง', 'S02', 'R08', 'C02'),
('ว่าง', 'S02', 'R09', 'C02'),
('ว่าง', 'S02', 'R10', 'C02'),
('ว่าง', 'S02', 'R11', 'C02'),
('ว่าง', 'S02', 'R12', 'C02'),
('ว่าง', 'S02', 'R13', 'C02'),
('ว่าง', 'S02', 'R14', 'C02'),
('ว่าง', 'S02', 'R15', 'C02'),
('ว่าง', 'S02', 'R16', 'C02'),
('ว่าง', 'S02', 'R17', 'C02'),
('ว่าง', 'S02', 'R18', 'C02'),
('ว่าง', 'S02', 'R19', 'C02'),
('ว่าง', 'S02', 'R20', 'C02'),
('ว่าง', 'S02', 'R21', 'C02'),
('ว่าง', 'S02', 'R22', 'C02'),
('ว่าง', 'S02', 'R23', 'C02'),
('ว่าง', 'S02', 'R24', 'C02'),
('ว่าง', 'S02', 'R25', 'C02'),
('ว่าง', 'S02', 'S01', 'C02'),
('ว่าง', 'S02', 'S02', 'C02'),
('ว่าง', 'S02', 'S03', 'C02'),
('ว่าง', 'S02', 'S04', 'C02'),
('ว่าง', 'S02', 'S05', 'C02'),
('ว่าง', 'S02', 'S06', 'C02'),
('ว่าง', 'S02', 'S07', 'C02'),
('ว่าง', 'S02', 'S08', 'C02'),
('ว่าง', 'S02', 'S09', 'C02'),
('ว่าง', 'S02', 'S10', 'C02'),
('ว่าง', 'S02', 'S11', 'C02'),
('ว่าง', 'S02', 'S12', 'C02'),
('ว่าง', 'S02', 'S13', 'C02'),
('ว่าง', 'S02', 'S14', 'C02'),
('ว่าง', 'S02', 'S15', 'C02'),
('ว่าง', 'S02', 'S16', 'C02'),
('ว่าง', 'S02', 'S17', 'C02'),
('ว่าง', 'S02', 'S18', 'C02'),
('ว่าง', 'S02', 'S19', 'C02'),
('ว่าง', 'S02', 'S20', 'C02'),
('ว่าง', 'S02', 'S21', 'C02'),
('ว่าง', 'S02', 'S22', 'C02'),
('ว่าง', 'S02', 'S23', 'C02'),
('ว่าง', 'S02', 'S24', 'C02'),
('ว่าง', 'S02', 'S25', 'C02'),
('ว่าง', 'S02', 'T01', 'C02'),
('ว่าง', 'S02', 'T02', 'C02'),
('ว่าง', 'S02', 'T03', 'C02'),
('ว่าง', 'S02', 'T04', 'C02'),
('ว่าง', 'S02', 'T05', 'C02'),
('ว่าง', 'S02', 'T06', 'C02'),
('ว่าง', 'S02', 'T07', 'C02'),
('ว่าง', 'S02', 'T08', 'C02'),
('ว่าง', 'S02', 'T09', 'C02'),
('ว่าง', 'S02', 'T10', 'C02'),
('ว่าง', 'S02', 'T11', 'C02'),
('ว่าง', 'S02', 'T12', 'C02'),
('ว่าง', 'S02', 'T13', 'C02'),
('ว่าง', 'S02', 'T14', 'C02'),
('ว่าง', 'S02', 'T15', 'C02'),
('ว่าง', 'S02', 'T16', 'C02'),
('ว่าง', 'S02', 'T17', 'C02'),
('ว่าง', 'S02', 'T18', 'C02'),
('ว่าง', 'S02', 'T19', 'C02'),
('ว่าง', 'S02', 'T20', 'C02'),
('ว่าง', 'S02', 'T21', 'C02'),
('ว่าง', 'S02', 'T22', 'C02'),
('ว่าง', 'S02', 'T23', 'C02'),
('ว่าง', 'S02', 'T24', 'C02'),
('ว่าง', 'S02', 'T25', 'C02'),
('ว่าง', 'S03', 'A01', 'C03'),
('ว่าง', 'S03', 'A02', 'C03'),
('ว่าง', 'S03', 'A03', 'C03'),
('ว่าง', 'S03', 'A04', 'C03'),
('ว่าง', 'S03', 'A05', 'C03'),
('ว่าง', 'S03', 'A06', 'C03'),
('ว่าง', 'S03', 'A07', 'C03'),
('ว่าง', 'S03', 'A08', 'C03'),
('ว่าง', 'S03', 'A09', 'C03'),
('ว่าง', 'S03', 'A10', 'C03'),
('ว่าง', 'S03', 'A11', 'C03'),
('ว่าง', 'S03', 'A12', 'C03'),
('ว่าง', 'S03', 'A13', 'C03'),
('ว่าง', 'S03', 'A14', 'C03'),
('ว่าง', 'S03', 'A15', 'C03'),
('ว่าง', 'S03', 'A16', 'C03'),
('ว่าง', 'S03', 'A17', 'C03'),
('ว่าง', 'S03', 'A18', 'C03'),
('ว่าง', 'S03', 'A19', 'C03'),
('ว่าง', 'S03', 'A20', 'C03'),
('ว่าง', 'S03', 'A21', 'C03'),
('ว่าง', 'S03', 'A22', 'C03'),
('ว่าง', 'S03', 'A23', 'C03'),
('ว่าง', 'S03', 'A24', 'C03'),
('ว่าง', 'S03', 'A25', 'C03'),
('ว่าง', 'S03', 'B01', 'C03'),
('ว่าง', 'S03', 'B02', 'C03'),
('ว่าง', 'S03', 'B03', 'C03'),
('ว่าง', 'S03', 'B04', 'C03'),
('ว่าง', 'S03', 'B05', 'C03'),
('ว่าง', 'S03', 'B06', 'C03'),
('ว่าง', 'S03', 'B07', 'C03'),
('ว่าง', 'S03', 'B08', 'C03'),
('ว่าง', 'S03', 'B09', 'C03'),
('ว่าง', 'S03', 'B10', 'C03'),
('ว่าง', 'S03', 'B11', 'C03'),
('ว่าง', 'S03', 'B12', 'C03'),
('ว่าง', 'S03', 'B13', 'C03'),
('ว่าง', 'S03', 'B14', 'C03'),
('ว่าง', 'S03', 'B15', 'C03'),
('ว่าง', 'S03', 'B16', 'C03'),
('ว่าง', 'S03', 'B17', 'C03'),
('ว่าง', 'S03', 'B18', 'C03'),
('ว่าง', 'S03', 'B19', 'C03'),
('ว่าง', 'S03', 'B20', 'C03'),
('ว่าง', 'S03', 'B21', 'C03'),
('ว่าง', 'S03', 'B22', 'C03'),
('ว่าง', 'S03', 'B23', 'C03'),
('ว่าง', 'S03', 'B24', 'C03'),
('ว่าง', 'S03', 'B25', 'C03'),
('ว่าง', 'S03', 'C01', 'C03'),
('ว่าง', 'S03', 'C02', 'C03'),
('ว่าง', 'S03', 'C03', 'C03'),
('ว่าง', 'S03', 'C04', 'C03'),
('ว่าง', 'S03', 'C05', 'C03'),
('ว่าง', 'S03', 'C06', 'C03'),
('ว่าง', 'S03', 'C07', 'C03'),
('ว่าง', 'S03', 'C08', 'C03'),
('ว่าง', 'S03', 'C09', 'C03'),
('ว่าง', 'S03', 'C10', 'C03'),
('ว่าง', 'S03', 'C11', 'C03'),
('ว่าง', 'S03', 'C12', 'C03'),
('ว่าง', 'S03', 'C13', 'C03'),
('ว่าง', 'S03', 'C14', 'C03'),
('ว่าง', 'S03', 'C15', 'C03'),
('ว่าง', 'S03', 'C16', 'C03'),
('ว่าง', 'S03', 'C17', 'C03'),
('ว่าง', 'S03', 'C18', 'C03'),
('ว่าง', 'S03', 'C19', 'C03'),
('ว่าง', 'S03', 'C20', 'C03'),
('ว่าง', 'S03', 'C21', 'C03'),
('ว่าง', 'S03', 'C22', 'C03'),
('ว่าง', 'S03', 'C23', 'C03'),
('ว่าง', 'S03', 'C24', 'C03'),
('ว่าง', 'S03', 'C25', 'C03'),
('ว่าง', 'S03', 'D01', 'C03'),
('ว่าง', 'S03', 'D02', 'C03'),
('ว่าง', 'S03', 'D03', 'C03'),
('ว่าง', 'S03', 'D04', 'C03'),
('ว่าง', 'S03', 'D05', 'C03'),
('ว่าง', 'S03', 'D06', 'C03'),
('ว่าง', 'S03', 'D07', 'C03'),
('ว่าง', 'S03', 'D08', 'C03'),
('ว่าง', 'S03', 'D09', 'C03'),
('ว่าง', 'S03', 'D10', 'C03'),
('ว่าง', 'S03', 'D11', 'C03'),
('ว่าง', 'S03', 'D12', 'C03'),
('ว่าง', 'S03', 'D13', 'C03'),
('ว่าง', 'S03', 'D14', 'C03'),
('ว่าง', 'S03', 'D15', 'C03'),
('ว่าง', 'S03', 'D16', 'C03'),
('ว่าง', 'S03', 'D17', 'C03'),
('ว่าง', 'S03', 'D18', 'C03'),
('ว่าง', 'S03', 'D19', 'C03'),
('ว่าง', 'S03', 'D20', 'C03'),
('ว่าง', 'S03', 'D21', 'C03'),
('ว่าง', 'S03', 'D22', 'C03'),
('ว่าง', 'S03', 'D23', 'C03'),
('ว่าง', 'S03', 'D24', 'C03'),
('ว่าง', 'S03', 'D25', 'C03'),
('ว่าง', 'S03', 'E01', 'C03'),
('ว่าง', 'S03', 'E02', 'C03'),
('ว่าง', 'S03', 'E03', 'C03'),
('ว่าง', 'S03', 'E04', 'C03'),
('ว่าง', 'S03', 'E05', 'C03'),
('ว่าง', 'S03', 'E06', 'C03'),
('ว่าง', 'S03', 'E07', 'C03'),
('ว่าง', 'S03', 'E08', 'C03'),
('ว่าง', 'S03', 'E09', 'C03'),
('ว่าง', 'S03', 'E10', 'C03'),
('ว่าง', 'S03', 'E11', 'C03'),
('จองแล้ว', 'S03', 'E12', 'C03'),
('จองแล้ว', 'S03', 'E13', 'C03'),
('จองแล้ว', 'S03', 'E14', 'C03'),
('ว่าง', 'S03', 'E15', 'C03'),
('ว่าง', 'S03', 'E16', 'C03'),
('ว่าง', 'S03', 'E17', 'C03'),
('ว่าง', 'S03', 'E18', 'C03'),
('ว่าง', 'S03', 'E19', 'C03'),
('ว่าง', 'S03', 'E20', 'C03'),
('ว่าง', 'S03', 'E21', 'C03'),
('ว่าง', 'S03', 'E22', 'C03'),
('ว่าง', 'S03', 'E23', 'C03'),
('ว่าง', 'S03', 'E24', 'C03'),
('ว่าง', 'S03', 'E25', 'C03'),
('ว่าง', 'S03', 'F01', 'C03'),
('ว่าง', 'S03', 'F02', 'C03'),
('ว่าง', 'S03', 'F03', 'C03'),
('ว่าง', 'S03', 'F04', 'C03'),
('ว่าง', 'S03', 'F05', 'C03'),
('ว่าง', 'S03', 'F06', 'C03'),
('ว่าง', 'S03', 'F07', 'C03'),
('ว่าง', 'S03', 'F08', 'C03'),
('ว่าง', 'S03', 'F09', 'C03'),
('ว่าง', 'S03', 'F10', 'C03'),
('ว่าง', 'S03', 'F11', 'C03'),
('ว่าง', 'S03', 'F12', 'C03'),
('ว่าง', 'S03', 'F13', 'C03'),
('ว่าง', 'S03', 'F14', 'C03'),
('ว่าง', 'S03', 'F15', 'C03'),
('ว่าง', 'S03', 'F16', 'C03'),
('ว่าง', 'S03', 'F17', 'C03'),
('ว่าง', 'S03', 'F18', 'C03'),
('ว่าง', 'S03', 'F19', 'C03'),
('ว่าง', 'S03', 'F20', 'C03'),
('ว่าง', 'S03', 'F21', 'C03'),
('ว่าง', 'S03', 'F22', 'C03'),
('ว่าง', 'S03', 'F23', 'C03'),
('ว่าง', 'S03', 'F24', 'C03'),
('ว่าง', 'S03', 'F25', 'C03'),
('ว่าง', 'S03', 'G01', 'C03'),
('ว่าง', 'S03', 'G02', 'C03'),
('ว่าง', 'S03', 'G03', 'C03'),
('ว่าง', 'S03', 'G04', 'C03'),
('ว่าง', 'S03', 'G05', 'C03'),
('ว่าง', 'S03', 'G06', 'C03'),
('ว่าง', 'S03', 'G07', 'C03'),
('ว่าง', 'S03', 'G08', 'C03'),
('ว่าง', 'S03', 'G09', 'C03'),
('ว่าง', 'S03', 'G10', 'C03'),
('จองแล้ว', 'S03', 'G11', 'C03'),
('จองแล้ว', 'S03', 'G12', 'C03'),
('จองแล้ว', 'S03', 'G13', 'C03'),
('จองแล้ว', 'S03', 'G14', 'C03'),
('ว่าง', 'S03', 'G15', 'C03'),
('ว่าง', 'S03', 'G16', 'C03'),
('ว่าง', 'S03', 'G17', 'C03'),
('ว่าง', 'S03', 'G18', 'C03'),
('ว่าง', 'S03', 'G19', 'C03'),
('ว่าง', 'S03', 'G20', 'C03'),
('ว่าง', 'S03', 'G21', 'C03'),
('ว่าง', 'S03', 'G22', 'C03'),
('ว่าง', 'S03', 'G23', 'C03'),
('ว่าง', 'S03', 'G24', 'C03'),
('ว่าง', 'S03', 'G25', 'C03'),
('ว่าง', 'S03', 'H01', 'C03'),
('ว่าง', 'S03', 'H02', 'C03'),
('ว่าง', 'S03', 'H03', 'C03'),
('ว่าง', 'S03', 'H04', 'C03'),
('ว่าง', 'S03', 'H05', 'C03'),
('ว่าง', 'S03', 'H06', 'C03'),
('ว่าง', 'S03', 'H07', 'C03'),
('ว่าง', 'S03', 'H08', 'C03'),
('ว่าง', 'S03', 'H09', 'C03'),
('ว่าง', 'S03', 'H10', 'C03'),
('ว่าง', 'S03', 'H11', 'C03'),
('ว่าง', 'S03', 'H12', 'C03'),
('ว่าง', 'S03', 'H13', 'C03'),
('ว่าง', 'S03', 'H14', 'C03'),
('ว่าง', 'S03', 'H15', 'C03'),
('ว่าง', 'S03', 'H16', 'C03'),
('ว่าง', 'S03', 'H17', 'C03'),
('ว่าง', 'S03', 'H18', 'C03'),
('ว่าง', 'S03', 'H19', 'C03'),
('ว่าง', 'S03', 'H20', 'C03'),
('ว่าง', 'S03', 'H21', 'C03'),
('ว่าง', 'S03', 'H22', 'C03'),
('ว่าง', 'S03', 'H23', 'C03'),
('ว่าง', 'S03', 'H24', 'C03'),
('ว่าง', 'S03', 'H25', 'C03'),
('ว่าง', 'S03', 'I01', 'C03'),
('ว่าง', 'S03', 'I02', 'C03'),
('ว่าง', 'S03', 'I03', 'C03'),
('ว่าง', 'S03', 'I04', 'C03'),
('ว่าง', 'S03', 'I05', 'C03'),
('ว่าง', 'S03', 'I06', 'C03'),
('ว่าง', 'S03', 'I07', 'C03'),
('ว่าง', 'S03', 'I08', 'C03'),
('ว่าง', 'S03', 'I09', 'C03'),
('ว่าง', 'S03', 'I10', 'C03'),
('ว่าง', 'S03', 'I11', 'C03'),
('ว่าง', 'S03', 'I12', 'C03'),
('ว่าง', 'S03', 'I13', 'C03'),
('ว่าง', 'S03', 'I14', 'C03'),
('ว่าง', 'S03', 'I15', 'C03'),
('ว่าง', 'S03', 'I16', 'C03'),
('ว่าง', 'S03', 'I17', 'C03'),
('ว่าง', 'S03', 'I18', 'C03'),
('ว่าง', 'S03', 'I19', 'C03'),
('ว่าง', 'S03', 'I20', 'C03'),
('ว่าง', 'S03', 'I21', 'C03'),
('ว่าง', 'S03', 'I22', 'C03'),
('ว่าง', 'S03', 'I23', 'C03'),
('ว่าง', 'S03', 'I24', 'C03'),
('ว่าง', 'S03', 'I25', 'C03'),
('ว่าง', 'S03', 'J01', 'C03'),
('ว่าง', 'S03', 'J02', 'C03'),
('ว่าง', 'S03', 'J03', 'C03'),
('ว่าง', 'S03', 'J04', 'C03'),
('ว่าง', 'S03', 'J05', 'C03'),
('ว่าง', 'S03', 'J06', 'C03'),
('ว่าง', 'S03', 'J07', 'C03'),
('ว่าง', 'S03', 'J08', 'C03'),
('ว่าง', 'S03', 'J09', 'C03'),
('ว่าง', 'S03', 'J10', 'C03'),
('ว่าง', 'S03', 'J11', 'C03'),
('ว่าง', 'S03', 'J12', 'C03'),
('ว่าง', 'S03', 'J13', 'C03'),
('ว่าง', 'S03', 'J14', 'C03'),
('ว่าง', 'S03', 'J15', 'C03'),
('ว่าง', 'S03', 'J16', 'C03'),
('ว่าง', 'S03', 'J17', 'C03'),
('ว่าง', 'S03', 'J18', 'C03'),
('ว่าง', 'S03', 'J19', 'C03'),
('ว่าง', 'S03', 'J20', 'C03'),
('ว่าง', 'S03', 'J21', 'C03'),
('ว่าง', 'S03', 'J22', 'C03'),
('ว่าง', 'S03', 'J23', 'C03'),
('ว่าง', 'S03', 'J24', 'C03'),
('ว่าง', 'S03', 'J25', 'C03'),
('ว่าง', 'S03', 'K01', 'C03'),
('ว่าง', 'S03', 'K02', 'C03'),
('ว่าง', 'S03', 'K03', 'C03'),
('ว่าง', 'S03', 'K04', 'C03'),
('ว่าง', 'S03', 'K05', 'C03'),
('ว่าง', 'S03', 'K06', 'C03'),
('ว่าง', 'S03', 'K07', 'C03'),
('ว่าง', 'S03', 'K08', 'C03'),
('ว่าง', 'S03', 'K09', 'C03'),
('ว่าง', 'S03', 'K10', 'C03'),
('ว่าง', 'S03', 'K11', 'C03'),
('ว่าง', 'S03', 'K12', 'C03'),
('ว่าง', 'S03', 'K13', 'C03'),
('ว่าง', 'S03', 'K14', 'C03'),
('ว่าง', 'S03', 'K15', 'C03'),
('ว่าง', 'S03', 'K16', 'C03'),
('ว่าง', 'S03', 'K17', 'C03'),
('ว่าง', 'S03', 'K18', 'C03'),
('ว่าง', 'S03', 'K19', 'C03'),
('ว่าง', 'S03', 'K20', 'C03'),
('ว่าง', 'S03', 'K21', 'C03'),
('ว่าง', 'S03', 'K22', 'C03'),
('ว่าง', 'S03', 'K23', 'C03'),
('ว่าง', 'S03', 'K24', 'C03'),
('ว่าง', 'S03', 'K25', 'C03'),
('ว่าง', 'S03', 'L01', 'C03'),
('ว่าง', 'S03', 'L02', 'C03'),
('ว่าง', 'S03', 'L03', 'C03'),
('ว่าง', 'S03', 'L04', 'C03'),
('ว่าง', 'S03', 'L05', 'C03'),
('ว่าง', 'S03', 'L06', 'C03'),
('ว่าง', 'S03', 'L07', 'C03'),
('ว่าง', 'S03', 'L08', 'C03'),
('ว่าง', 'S03', 'L09', 'C03'),
('ว่าง', 'S03', 'L10', 'C03'),
('ว่าง', 'S03', 'L11', 'C03'),
('ว่าง', 'S03', 'L12', 'C03'),
('ว่าง', 'S03', 'L13', 'C03'),
('ว่าง', 'S03', 'L14', 'C03'),
('ว่าง', 'S03', 'L15', 'C03'),
('ว่าง', 'S03', 'L16', 'C03'),
('ว่าง', 'S03', 'L17', 'C03'),
('ว่าง', 'S03', 'L18', 'C03'),
('ว่าง', 'S03', 'L19', 'C03'),
('ว่าง', 'S03', 'L20', 'C03'),
('ว่าง', 'S03', 'L21', 'C03'),
('ว่าง', 'S03', 'L22', 'C03'),
('ว่าง', 'S03', 'L23', 'C03'),
('ว่าง', 'S03', 'L24', 'C03'),
('ว่าง', 'S03', 'L25', 'C03'),
('ว่าง', 'S03', 'M01', 'C03'),
('ว่าง', 'S03', 'M02', 'C03'),
('ว่าง', 'S03', 'M03', 'C03'),
('ว่าง', 'S03', 'M04', 'C03'),
('ว่าง', 'S03', 'M05', 'C03'),
('ว่าง', 'S03', 'M06', 'C03'),
('ว่าง', 'S03', 'M07', 'C03'),
('ว่าง', 'S03', 'M08', 'C03'),
('ว่าง', 'S03', 'M09', 'C03'),
('ว่าง', 'S03', 'M10', 'C03'),
('ว่าง', 'S03', 'M11', 'C03'),
('ว่าง', 'S03', 'M12', 'C03'),
('ว่าง', 'S03', 'M13', 'C03'),
('ว่าง', 'S03', 'M14', 'C03'),
('ว่าง', 'S03', 'M15', 'C03'),
('ว่าง', 'S03', 'M16', 'C03'),
('ว่าง', 'S03', 'M17', 'C03'),
('ว่าง', 'S03', 'M18', 'C03'),
('ว่าง', 'S03', 'M19', 'C03'),
('ว่าง', 'S03', 'M20', 'C03'),
('ว่าง', 'S03', 'M21', 'C03'),
('ว่าง', 'S03', 'M22', 'C03'),
('ว่าง', 'S03', 'M23', 'C03'),
('ว่าง', 'S03', 'M24', 'C03'),
('ว่าง', 'S03', 'M25', 'C03'),
('ว่าง', 'S03', 'N01', 'C03'),
('ว่าง', 'S03', 'N02', 'C03'),
('ว่าง', 'S03', 'N03', 'C03'),
('ว่าง', 'S03', 'N04', 'C03'),
('ว่าง', 'S03', 'N05', 'C03'),
('ว่าง', 'S03', 'N06', 'C03'),
('ว่าง', 'S03', 'N07', 'C03'),
('ว่าง', 'S03', 'N08', 'C03'),
('ว่าง', 'S03', 'N09', 'C03'),
('ว่าง', 'S03', 'N10', 'C03'),
('ว่าง', 'S03', 'N11', 'C03'),
('ว่าง', 'S03', 'N12', 'C03'),
('ว่าง', 'S03', 'N13', 'C03'),
('ว่าง', 'S03', 'N14', 'C03'),
('ว่าง', 'S03', 'N15', 'C03'),
('ว่าง', 'S03', 'N16', 'C03'),
('ว่าง', 'S03', 'N17', 'C03'),
('ว่าง', 'S03', 'N18', 'C03'),
('ว่าง', 'S03', 'N19', 'C03'),
('ว่าง', 'S03', 'N20', 'C03'),
('ว่าง', 'S03', 'N21', 'C03'),
('ว่าง', 'S03', 'N22', 'C03'),
('ว่าง', 'S03', 'N23', 'C03'),
('ว่าง', 'S03', 'N24', 'C03'),
('ว่าง', 'S03', 'N25', 'C03'),
('ว่าง', 'S03', 'O01', 'C03'),
('ว่าง', 'S03', 'O02', 'C03'),
('ว่าง', 'S03', 'O03', 'C03'),
('ว่าง', 'S03', 'O04', 'C03'),
('ว่าง', 'S03', 'O05', 'C03'),
('ว่าง', 'S03', 'O06', 'C03'),
('ว่าง', 'S03', 'O07', 'C03'),
('ว่าง', 'S03', 'O08', 'C03'),
('ว่าง', 'S03', 'O09', 'C03'),
('ว่าง', 'S03', 'O10', 'C03'),
('ว่าง', 'S03', 'O11', 'C03'),
('ว่าง', 'S03', 'O12', 'C03'),
('ว่าง', 'S03', 'O13', 'C03'),
('ว่าง', 'S03', 'O14', 'C03'),
('ว่าง', 'S03', 'O15', 'C03'),
('ว่าง', 'S03', 'O16', 'C03'),
('ว่าง', 'S03', 'O17', 'C03'),
('ว่าง', 'S03', 'O18', 'C03'),
('ว่าง', 'S03', 'O19', 'C03'),
('ว่าง', 'S03', 'O20', 'C03'),
('ว่าง', 'S03', 'O21', 'C03'),
('ว่าง', 'S03', 'O22', 'C03'),
('ว่าง', 'S03', 'O23', 'C03'),
('ว่าง', 'S03', 'O24', 'C03'),
('ว่าง', 'S03', 'O25', 'C03'),
('ว่าง', 'S03', 'P01', 'C03'),
('ว่าง', 'S03', 'P02', 'C03'),
('ว่าง', 'S03', 'P03', 'C03'),
('ว่าง', 'S03', 'P04', 'C03'),
('ว่าง', 'S03', 'P05', 'C03'),
('ว่าง', 'S03', 'P06', 'C03'),
('ว่าง', 'S03', 'P07', 'C03'),
('ว่าง', 'S03', 'P08', 'C03'),
('ว่าง', 'S03', 'P09', 'C03'),
('ว่าง', 'S03', 'P10', 'C03'),
('ว่าง', 'S03', 'P11', 'C03'),
('ว่าง', 'S03', 'P12', 'C03'),
('ว่าง', 'S03', 'P13', 'C03'),
('ว่าง', 'S03', 'P14', 'C03'),
('ว่าง', 'S03', 'P15', 'C03'),
('ว่าง', 'S03', 'P16', 'C03'),
('ว่าง', 'S03', 'P17', 'C03'),
('ว่าง', 'S03', 'P18', 'C03'),
('ว่าง', 'S03', 'P19', 'C03'),
('ว่าง', 'S03', 'P20', 'C03'),
('ว่าง', 'S03', 'P21', 'C03'),
('ว่าง', 'S03', 'P22', 'C03'),
('ว่าง', 'S03', 'P23', 'C03'),
('ว่าง', 'S03', 'P24', 'C03'),
('ว่าง', 'S03', 'P25', 'C03'),
('ว่าง', 'S03', 'Q01', 'C03'),
('ว่าง', 'S03', 'Q02', 'C03'),
('ว่าง', 'S03', 'Q03', 'C03'),
('ว่าง', 'S03', 'Q04', 'C03'),
('ว่าง', 'S03', 'Q05', 'C03'),
('ว่าง', 'S03', 'Q06', 'C03'),
('ว่าง', 'S03', 'Q07', 'C03'),
('ว่าง', 'S03', 'Q08', 'C03'),
('ว่าง', 'S03', 'Q09', 'C03'),
('ว่าง', 'S03', 'Q10', 'C03'),
('ว่าง', 'S03', 'Q11', 'C03'),
('ว่าง', 'S03', 'Q12', 'C03'),
('ว่าง', 'S03', 'Q13', 'C03'),
('ว่าง', 'S03', 'Q14', 'C03'),
('ว่าง', 'S03', 'Q15', 'C03'),
('ว่าง', 'S03', 'Q16', 'C03'),
('ว่าง', 'S03', 'Q17', 'C03'),
('ว่าง', 'S03', 'Q18', 'C03'),
('ว่าง', 'S03', 'Q19', 'C03'),
('ว่าง', 'S03', 'Q20', 'C03'),
('ว่าง', 'S03', 'Q21', 'C03'),
('ว่าง', 'S03', 'Q22', 'C03'),
('ว่าง', 'S03', 'Q23', 'C03'),
('ว่าง', 'S03', 'Q24', 'C03'),
('ว่าง', 'S03', 'Q25', 'C03'),
('ว่าง', 'S03', 'R01', 'C03'),
('ว่าง', 'S03', 'R02', 'C03'),
('ว่าง', 'S03', 'R03', 'C03'),
('ว่าง', 'S03', 'R04', 'C03'),
('ว่าง', 'S03', 'R05', 'C03'),
('ว่าง', 'S03', 'R06', 'C03'),
('ว่าง', 'S03', 'R07', 'C03'),
('ว่าง', 'S03', 'R08', 'C03'),
('ว่าง', 'S03', 'R09', 'C03'),
('ว่าง', 'S03', 'R10', 'C03'),
('ว่าง', 'S03', 'R11', 'C03'),
('ว่าง', 'S03', 'R12', 'C03'),
('ว่าง', 'S03', 'R13', 'C03'),
('ว่าง', 'S03', 'R14', 'C03'),
('ว่าง', 'S03', 'R15', 'C03'),
('ว่าง', 'S03', 'R16', 'C03'),
('ว่าง', 'S03', 'R17', 'C03'),
('ว่าง', 'S03', 'R18', 'C03'),
('ว่าง', 'S03', 'R19', 'C03'),
('ว่าง', 'S03', 'R20', 'C03'),
('ว่าง', 'S03', 'R21', 'C03'),
('ว่าง', 'S03', 'R22', 'C03'),
('ว่าง', 'S03', 'R23', 'C03'),
('ว่าง', 'S03', 'R24', 'C03'),
('ว่าง', 'S03', 'R25', 'C03'),
('ว่าง', 'S03', 'S01', 'C03'),
('ว่าง', 'S03', 'S02', 'C03'),
('ว่าง', 'S03', 'S03', 'C03'),
('ว่าง', 'S03', 'S04', 'C03'),
('ว่าง', 'S03', 'S05', 'C03'),
('ว่าง', 'S03', 'S06', 'C03'),
('ว่าง', 'S03', 'S07', 'C03'),
('ว่าง', 'S03', 'S08', 'C03'),
('ว่าง', 'S03', 'S09', 'C03'),
('ว่าง', 'S03', 'S10', 'C03'),
('ว่าง', 'S03', 'S11', 'C03'),
('ว่าง', 'S03', 'S12', 'C03'),
('ว่าง', 'S03', 'S13', 'C03'),
('ว่าง', 'S03', 'S14', 'C03'),
('ว่าง', 'S03', 'S15', 'C03'),
('ว่าง', 'S03', 'S16', 'C03'),
('ว่าง', 'S03', 'S17', 'C03'),
('ว่าง', 'S03', 'S18', 'C03'),
('ว่าง', 'S03', 'S19', 'C03'),
('ว่าง', 'S03', 'S20', 'C03'),
('ว่าง', 'S03', 'S21', 'C03'),
('ว่าง', 'S03', 'S22', 'C03'),
('ว่าง', 'S03', 'S23', 'C03'),
('ว่าง', 'S03', 'S24', 'C03'),
('ว่าง', 'S03', 'S25', 'C03'),
('ว่าง', 'S03', 'T01', 'C03'),
('ว่าง', 'S03', 'T02', 'C03'),
('ว่าง', 'S03', 'T03', 'C03'),
('ว่าง', 'S03', 'T04', 'C03'),
('ว่าง', 'S03', 'T05', 'C03'),
('ว่าง', 'S03', 'T06', 'C03'),
('ว่าง', 'S03', 'T07', 'C03'),
('ว่าง', 'S03', 'T08', 'C03'),
('ว่าง', 'S03', 'T09', 'C03'),
('ว่าง', 'S03', 'T10', 'C03'),
('ว่าง', 'S03', 'T11', 'C03'),
('ว่าง', 'S03', 'T12', 'C03'),
('ว่าง', 'S03', 'T13', 'C03'),
('ว่าง', 'S03', 'T14', 'C03'),
('ว่าง', 'S03', 'T15', 'C03'),
('ว่าง', 'S03', 'T16', 'C03'),
('ว่าง', 'S03', 'T17', 'C03'),
('ว่าง', 'S03', 'T18', 'C03'),
('ว่าง', 'S03', 'T19', 'C03'),
('ว่าง', 'S03', 'T20', 'C03'),
('ว่าง', 'S03', 'T21', 'C03'),
('ว่าง', 'S03', 'T22', 'C03'),
('ว่าง', 'S03', 'T23', 'C03'),
('ว่าง', 'S03', 'T24', 'C03'),
('ว่าง', 'S03', 'T25', 'C03'),
('ว่าง', 'S04', 'A01', 'C04'),
('ว่าง', 'S04', 'A02', 'C04'),
('ว่าง', 'S04', 'A03', 'C04'),
('ว่าง', 'S04', 'A04', 'C04'),
('ว่าง', 'S04', 'A05', 'C04'),
('ว่าง', 'S04', 'A06', 'C04'),
('ว่าง', 'S04', 'A07', 'C04'),
('ว่าง', 'S04', 'A08', 'C04'),
('ว่าง', 'S04', 'A09', 'C04'),
('ว่าง', 'S04', 'A10', 'C04'),
('ว่าง', 'S04', 'A11', 'C04'),
('ว่าง', 'S04', 'A12', 'C04'),
('ว่าง', 'S04', 'A13', 'C04'),
('ว่าง', 'S04', 'A14', 'C04'),
('ว่าง', 'S04', 'A15', 'C04'),
('ว่าง', 'S04', 'A16', 'C04'),
('ว่าง', 'S04', 'A17', 'C04'),
('ว่าง', 'S04', 'A18', 'C04'),
('ว่าง', 'S04', 'A19', 'C04'),
('ว่าง', 'S04', 'A20', 'C04'),
('ว่าง', 'S04', 'A21', 'C04'),
('ว่าง', 'S04', 'A22', 'C04'),
('ว่าง', 'S04', 'A23', 'C04'),
('ว่าง', 'S04', 'A24', 'C04'),
('ว่าง', 'S04', 'A25', 'C04'),
('ว่าง', 'S04', 'B01', 'C04'),
('ว่าง', 'S04', 'B02', 'C04'),
('ว่าง', 'S04', 'B03', 'C04'),
('ว่าง', 'S04', 'B04', 'C04'),
('ว่าง', 'S04', 'B05', 'C04'),
('ว่าง', 'S04', 'B06', 'C04'),
('ว่าง', 'S04', 'B07', 'C04'),
('ว่าง', 'S04', 'B08', 'C04'),
('ว่าง', 'S04', 'B09', 'C04'),
('ว่าง', 'S04', 'B10', 'C04'),
('ว่าง', 'S04', 'B11', 'C04'),
('ว่าง', 'S04', 'B12', 'C04'),
('ว่าง', 'S04', 'B13', 'C04'),
('ว่าง', 'S04', 'B14', 'C04'),
('ว่าง', 'S04', 'B15', 'C04'),
('ว่าง', 'S04', 'B16', 'C04'),
('ว่าง', 'S04', 'B17', 'C04'),
('ว่าง', 'S04', 'B18', 'C04'),
('ว่าง', 'S04', 'B19', 'C04'),
('ว่าง', 'S04', 'B20', 'C04'),
('ว่าง', 'S04', 'B21', 'C04'),
('ว่าง', 'S04', 'B22', 'C04'),
('ว่าง', 'S04', 'B23', 'C04'),
('ว่าง', 'S04', 'B24', 'C04'),
('ว่าง', 'S04', 'B25', 'C04'),
('ว่าง', 'S04', 'C01', 'C04'),
('ว่าง', 'S04', 'C02', 'C04'),
('ว่าง', 'S04', 'C03', 'C04'),
('ว่าง', 'S04', 'C04', 'C04'),
('ว่าง', 'S04', 'C05', 'C04'),
('ว่าง', 'S04', 'C06', 'C04'),
('ว่าง', 'S04', 'C07', 'C04'),
('ว่าง', 'S04', 'C08', 'C04'),
('ว่าง', 'S04', 'C09', 'C04'),
('ว่าง', 'S04', 'C10', 'C04'),
('ว่าง', 'S04', 'C11', 'C04'),
('ว่าง', 'S04', 'C12', 'C04'),
('ว่าง', 'S04', 'C13', 'C04'),
('ว่าง', 'S04', 'C14', 'C04'),
('ว่าง', 'S04', 'C15', 'C04'),
('ว่าง', 'S04', 'C16', 'C04'),
('ว่าง', 'S04', 'C17', 'C04'),
('ว่าง', 'S04', 'C18', 'C04'),
('ว่าง', 'S04', 'C19', 'C04'),
('ว่าง', 'S04', 'C20', 'C04'),
('ว่าง', 'S04', 'C21', 'C04'),
('ว่าง', 'S04', 'C22', 'C04'),
('ว่าง', 'S04', 'C23', 'C04'),
('ว่าง', 'S04', 'C24', 'C04'),
('ว่าง', 'S04', 'C25', 'C04'),
('ว่าง', 'S04', 'D01', 'C04'),
('ว่าง', 'S04', 'D02', 'C04'),
('ว่าง', 'S04', 'D03', 'C04'),
('ว่าง', 'S04', 'D04', 'C04'),
('ว่าง', 'S04', 'D05', 'C04'),
('ว่าง', 'S04', 'D06', 'C04'),
('ว่าง', 'S04', 'D07', 'C04'),
('ว่าง', 'S04', 'D08', 'C04'),
('ว่าง', 'S04', 'D09', 'C04'),
('ว่าง', 'S04', 'D10', 'C04'),
('ว่าง', 'S04', 'D11', 'C04'),
('ว่าง', 'S04', 'D12', 'C04'),
('ว่าง', 'S04', 'D13', 'C04'),
('ว่าง', 'S04', 'D14', 'C04'),
('ว่าง', 'S04', 'D15', 'C04'),
('ว่าง', 'S04', 'D16', 'C04'),
('ว่าง', 'S04', 'D17', 'C04'),
('ว่าง', 'S04', 'D18', 'C04'),
('ว่าง', 'S04', 'D19', 'C04'),
('ว่าง', 'S04', 'D20', 'C04'),
('ว่าง', 'S04', 'D21', 'C04'),
('ว่าง', 'S04', 'D22', 'C04'),
('ว่าง', 'S04', 'D23', 'C04'),
('ว่าง', 'S04', 'D24', 'C04'),
('ว่าง', 'S04', 'D25', 'C04'),
('ว่าง', 'S05', 'A01', 'C01'),
('ว่าง', 'S05', 'A02', 'C01'),
('ว่าง', 'S05', 'A03', 'C01'),
('ว่าง', 'S05', 'A04', 'C01'),
('ว่าง', 'S05', 'A05', 'C01'),
('ว่าง', 'S05', 'A06', 'C01'),
('ว่าง', 'S05', 'A07', 'C01'),
('ว่าง', 'S05', 'A08', 'C01'),
('ว่าง', 'S05', 'A09', 'C01'),
('ว่าง', 'S05', 'A10', 'C01'),
('ว่าง', 'S05', 'A11', 'C01'),
('ว่าง', 'S05', 'A12', 'C01'),
('ว่าง', 'S05', 'A13', 'C01'),
('ว่าง', 'S05', 'A14', 'C01'),
('ว่าง', 'S05', 'A15', 'C01'),
('ว่าง', 'S05', 'A16', 'C01'),
('ว่าง', 'S05', 'A17', 'C01'),
('ว่าง', 'S05', 'A18', 'C01'),
('ว่าง', 'S05', 'A19', 'C01'),
('ว่าง', 'S05', 'A20', 'C01'),
('ว่าง', 'S05', 'A21', 'C01'),
('ว่าง', 'S05', 'A22', 'C01'),
('ว่าง', 'S05', 'A23', 'C01'),
('ว่าง', 'S05', 'A24', 'C01'),
('ว่าง', 'S05', 'A25', 'C01'),
('ว่าง', 'S05', 'B01', 'C01'),
('ว่าง', 'S05', 'B02', 'C01'),
('ว่าง', 'S05', 'B03', 'C01'),
('ว่าง', 'S05', 'B04', 'C01'),
('ว่าง', 'S05', 'B05', 'C01'),
('ว่าง', 'S05', 'B06', 'C01'),
('ว่าง', 'S05', 'B07', 'C01'),
('ว่าง', 'S05', 'B08', 'C01'),
('ว่าง', 'S05', 'B09', 'C01'),
('ว่าง', 'S05', 'B10', 'C01'),
('ว่าง', 'S05', 'B11', 'C01'),
('ว่าง', 'S05', 'B12', 'C01'),
('ว่าง', 'S05', 'B13', 'C01'),
('ว่าง', 'S05', 'B14', 'C01'),
('ว่าง', 'S05', 'B15', 'C01'),
('ว่าง', 'S05', 'B16', 'C01'),
('ว่าง', 'S05', 'B17', 'C01'),
('ว่าง', 'S05', 'B18', 'C01'),
('ว่าง', 'S05', 'B19', 'C01'),
('ว่าง', 'S05', 'B20', 'C01'),
('ว่าง', 'S05', 'B21', 'C01'),
('ว่าง', 'S05', 'B22', 'C01'),
('ว่าง', 'S05', 'B23', 'C01'),
('ว่าง', 'S05', 'B24', 'C01'),
('ว่าง', 'S05', 'B25', 'C01'),
('ว่าง', 'S05', 'C01', 'C01'),
('ว่าง', 'S05', 'C02', 'C01'),
('ว่าง', 'S05', 'C03', 'C01'),
('ว่าง', 'S05', 'C04', 'C01'),
('ว่าง', 'S05', 'C05', 'C01'),
('ว่าง', 'S05', 'C06', 'C01'),
('ว่าง', 'S05', 'C07', 'C01'),
('ว่าง', 'S05', 'C08', 'C01'),
('ว่าง', 'S05', 'C09', 'C01'),
('ว่าง', 'S05', 'C10', 'C01'),
('ว่าง', 'S05', 'C11', 'C01'),
('ว่าง', 'S05', 'C12', 'C01'),
('ว่าง', 'S05', 'C13', 'C01'),
('ว่าง', 'S05', 'C14', 'C01'),
('ว่าง', 'S05', 'C15', 'C01'),
('ว่าง', 'S05', 'C16', 'C01'),
('ว่าง', 'S05', 'C17', 'C01'),
('ว่าง', 'S05', 'C18', 'C01'),
('ว่าง', 'S05', 'C19', 'C01'),
('ว่าง', 'S05', 'C20', 'C01'),
('ว่าง', 'S05', 'C21', 'C01'),
('ว่าง', 'S05', 'C22', 'C01'),
('ว่าง', 'S05', 'C23', 'C01'),
('ว่าง', 'S05', 'C24', 'C01'),
('ว่าง', 'S05', 'C25', 'C01'),
('ว่าง', 'S05', 'D01', 'C01'),
('ว่าง', 'S05', 'D02', 'C01'),
('ว่าง', 'S05', 'D03', 'C01'),
('ว่าง', 'S05', 'D04', 'C01'),
('ว่าง', 'S05', 'D05', 'C01'),
('ว่าง', 'S05', 'D06', 'C01'),
('ว่าง', 'S05', 'D07', 'C01'),
('ว่าง', 'S05', 'D08', 'C01'),
('ว่าง', 'S05', 'D09', 'C01'),
('ว่าง', 'S05', 'D10', 'C01'),
('ว่าง', 'S05', 'D11', 'C01'),
('ว่าง', 'S05', 'D12', 'C01'),
('ว่าง', 'S05', 'D13', 'C01'),
('ว่าง', 'S05', 'D14', 'C01'),
('ว่าง', 'S05', 'D15', 'C01'),
('ว่าง', 'S05', 'D16', 'C01'),
('ว่าง', 'S05', 'D17', 'C01'),
('ว่าง', 'S05', 'D18', 'C01'),
('ว่าง', 'S05', 'D19', 'C01'),
('ว่าง', 'S05', 'D20', 'C01'),
('ว่าง', 'S05', 'D21', 'C01'),
('ว่าง', 'S05', 'D22', 'C01'),
('ว่าง', 'S05', 'D23', 'C01'),
('ว่าง', 'S05', 'D24', 'C01'),
('ว่าง', 'S05', 'D25', 'C01'),
('ว่าง', 'S05', 'E01', 'C01'),
('ว่าง', 'S05', 'E02', 'C01'),
('ว่าง', 'S05', 'E03', 'C01'),
('ว่าง', 'S05', 'E04', 'C01'),
('ว่าง', 'S05', 'E05', 'C01'),
('ว่าง', 'S05', 'E06', 'C01'),
('ว่าง', 'S05', 'E07', 'C01'),
('ว่าง', 'S05', 'E08', 'C01'),
('ว่าง', 'S05', 'E09', 'C01'),
('ว่าง', 'S05', 'E10', 'C01'),
('ว่าง', 'S05', 'E11', 'C01'),
('ว่าง', 'S05', 'E12', 'C01'),
('ว่าง', 'S05', 'E13', 'C01'),
('ว่าง', 'S05', 'E14', 'C01'),
('ว่าง', 'S05', 'E15', 'C01'),
('ว่าง', 'S05', 'E16', 'C01'),
('ว่าง', 'S05', 'E17', 'C01'),
('ว่าง', 'S05', 'E18', 'C01'),
('ว่าง', 'S05', 'E19', 'C01'),
('ว่าง', 'S05', 'E20', 'C01'),
('ว่าง', 'S05', 'E21', 'C01'),
('ว่าง', 'S05', 'E22', 'C01'),
('ว่าง', 'S05', 'E23', 'C01'),
('ว่าง', 'S05', 'E24', 'C01'),
('ว่าง', 'S05', 'E25', 'C01'),
('ว่าง', 'S05', 'F01', 'C01'),
('ว่าง', 'S05', 'F02', 'C01'),
('ว่าง', 'S05', 'F03', 'C01'),
('ว่าง', 'S05', 'F04', 'C01'),
('ว่าง', 'S05', 'F05', 'C01'),
('ว่าง', 'S05', 'F06', 'C01'),
('ว่าง', 'S05', 'F07', 'C01'),
('ว่าง', 'S05', 'F08', 'C01'),
('ว่าง', 'S05', 'F09', 'C01'),
('ว่าง', 'S05', 'F10', 'C01'),
('ว่าง', 'S05', 'F11', 'C01'),
('ว่าง', 'S05', 'F12', 'C01'),
('ว่าง', 'S05', 'F13', 'C01'),
('ว่าง', 'S05', 'F14', 'C01'),
('ว่าง', 'S05', 'F15', 'C01'),
('ว่าง', 'S05', 'F16', 'C01'),
('ว่าง', 'S05', 'F17', 'C01'),
('ว่าง', 'S05', 'F18', 'C01'),
('ว่าง', 'S05', 'F19', 'C01'),
('ว่าง', 'S05', 'F20', 'C01'),
('ว่าง', 'S05', 'F21', 'C01'),
('ว่าง', 'S05', 'F22', 'C01'),
('ว่าง', 'S05', 'F23', 'C01'),
('ว่าง', 'S05', 'F24', 'C01'),
('ว่าง', 'S05', 'F25', 'C01'),
('ว่าง', 'S05', 'G01', 'C01'),
('ว่าง', 'S05', 'G02', 'C01'),
('ว่าง', 'S05', 'G03', 'C01'),
('ว่าง', 'S05', 'G04', 'C01'),
('ว่าง', 'S05', 'G05', 'C01'),
('ว่าง', 'S05', 'G06', 'C01'),
('ว่าง', 'S05', 'G07', 'C01'),
('ว่าง', 'S05', 'G08', 'C01'),
('ว่าง', 'S05', 'G09', 'C01'),
('ว่าง', 'S05', 'G10', 'C01'),
('ว่าง', 'S05', 'G11', 'C01'),
('ว่าง', 'S05', 'G12', 'C01'),
('ว่าง', 'S05', 'G13', 'C01'),
('ว่าง', 'S05', 'G14', 'C01'),
('ว่าง', 'S05', 'G15', 'C01'),
('ว่าง', 'S05', 'G16', 'C01'),
('ว่าง', 'S05', 'G17', 'C01'),
('ว่าง', 'S05', 'G18', 'C01'),
('ว่าง', 'S05', 'G19', 'C01'),
('ว่าง', 'S05', 'G20', 'C01'),
('ว่าง', 'S05', 'G21', 'C01'),
('ว่าง', 'S05', 'G22', 'C01'),
('ว่าง', 'S05', 'G23', 'C01'),
('ว่าง', 'S05', 'G24', 'C01'),
('ว่าง', 'S05', 'G25', 'C01'),
('ว่าง', 'S05', 'H01', 'C01'),
('ว่าง', 'S05', 'H02', 'C01'),
('ว่าง', 'S05', 'H03', 'C01'),
('ว่าง', 'S05', 'H04', 'C01'),
('ว่าง', 'S05', 'H05', 'C01'),
('ว่าง', 'S05', 'H06', 'C01'),
('ว่าง', 'S05', 'H07', 'C01'),
('ว่าง', 'S05', 'H08', 'C01'),
('ว่าง', 'S05', 'H09', 'C01'),
('ว่าง', 'S05', 'H10', 'C01'),
('ว่าง', 'S05', 'H11', 'C01'),
('ว่าง', 'S05', 'H12', 'C01'),
('ว่าง', 'S05', 'H13', 'C01'),
('ว่าง', 'S05', 'H14', 'C01'),
('ว่าง', 'S05', 'H15', 'C01'),
('ว่าง', 'S05', 'H16', 'C01'),
('ว่าง', 'S05', 'H17', 'C01'),
('ว่าง', 'S05', 'H18', 'C01'),
('ว่าง', 'S05', 'H19', 'C01'),
('ว่าง', 'S05', 'H20', 'C01'),
('ว่าง', 'S05', 'H21', 'C01'),
('ว่าง', 'S05', 'H22', 'C01'),
('ว่าง', 'S05', 'H23', 'C01'),
('ว่าง', 'S05', 'H24', 'C01'),
('ว่าง', 'S05', 'H25', 'C01'),
('จองแล้ว', 'S06', 'A01', 'C05'),
('จองแล้ว', 'S06', 'A02', 'C05'),
('จองแล้ว', 'S06', 'A03', 'C05'),
('จองแล้ว', 'S06', 'A04', 'C05'),
('ว่าง', 'S06', 'A05', 'C05'),
('ว่าง', 'S06', 'A06', 'C05'),
('ว่าง', 'S06', 'A07', 'C05'),
('ว่าง', 'S06', 'A08', 'C05'),
('ว่าง', 'S06', 'A09', 'C05'),
('ว่าง', 'S06', 'A10', 'C05'),
('จองแล้ว', 'S06', 'A11', 'C05'),
('จองแล้ว', 'S06', 'A12', 'C05'),
('จองแล้ว', 'S06', 'A13', 'C05'),
('ว่าง', 'S06', 'A14', 'C05'),
('ว่าง', 'S06', 'A15', 'C05'),
('ว่าง', 'S06', 'A16', 'C05'),
('ว่าง', 'S06', 'A17', 'C05'),
('ว่าง', 'S06', 'A18', 'C05'),
('ว่าง', 'S06', 'A19', 'C05'),
('ว่าง', 'S06', 'A20', 'C05'),
('ว่าง', 'S06', 'A21', 'C05'),
('ว่าง', 'S06', 'A22', 'C05'),
('ว่าง', 'S06', 'A23', 'C05'),
('ว่าง', 'S06', 'A24', 'C05'),
('ว่าง', 'S06', 'A25', 'C05'),
('ว่าง', 'S06', 'B01', 'C05'),
('ว่าง', 'S06', 'B02', 'C05'),
('ว่าง', 'S06', 'B03', 'C05'),
('ว่าง', 'S06', 'B04', 'C05'),
('ว่าง', 'S06', 'B05', 'C05'),
('ว่าง', 'S06', 'B06', 'C05'),
('ว่าง', 'S06', 'B07', 'C05'),
('ว่าง', 'S06', 'B08', 'C05'),
('จองแล้ว', 'S06', 'B09', 'C05'),
('จองแล้ว', 'S06', 'B10', 'C05'),
('จองแล้ว', 'S06', 'B11', 'C05'),
('จองแล้ว', 'S06', 'B12', 'C05'),
('ว่าง', 'S06', 'B13', 'C05'),
('ว่าง', 'S06', 'B14', 'C05'),
('ว่าง', 'S06', 'B15', 'C05'),
('ว่าง', 'S06', 'B16', 'C05'),
('ว่าง', 'S06', 'B17', 'C05'),
('ว่าง', 'S06', 'B18', 'C05'),
('ว่าง', 'S06', 'B19', 'C05'),
('ว่าง', 'S06', 'B20', 'C05'),
('ว่าง', 'S06', 'B21', 'C05'),
('ว่าง', 'S06', 'B22', 'C05'),
('ว่าง', 'S06', 'B23', 'C05'),
('ว่าง', 'S06', 'B24', 'C05'),
('ว่าง', 'S06', 'B25', 'C05'),
('ว่าง', 'S07', 'A01', 'C06'),
('ว่าง', 'S07', 'A02', 'C06'),
('ว่าง', 'S07', 'A03', 'C06'),
('ว่าง', 'S07', 'A04', 'C06'),
('ว่าง', 'S07', 'A05', 'C06'),
('ว่าง', 'S07', 'A06', 'C06'),
('ว่าง', 'S07', 'A07', 'C06'),
('ว่าง', 'S07', 'A08', 'C06'),
('ว่าง', 'S07', 'A09', 'C06'),
('ว่าง', 'S07', 'A10', 'C06'),
('ว่าง', 'S07', 'A11', 'C06'),
('ว่าง', 'S07', 'A12', 'C06'),
('ว่าง', 'S07', 'A13', 'C06'),
('ว่าง', 'S07', 'A14', 'C06'),
('ว่าง', 'S07', 'A15', 'C06'),
('ว่าง', 'S07', 'A16', 'C06'),
('ว่าง', 'S07', 'A17', 'C06'),
('ว่าง', 'S07', 'A18', 'C06'),
('ว่าง', 'S07', 'A19', 'C06'),
('ว่าง', 'S07', 'A20', 'C06'),
('ว่าง', 'S07', 'A21', 'C06'),
('ว่าง', 'S07', 'A22', 'C06'),
('ว่าง', 'S07', 'A23', 'C06'),
('ว่าง', 'S07', 'A24', 'C06'),
('ว่าง', 'S07', 'A25', 'C06'),
('ว่าง', 'S07', 'B01', 'C06'),
('ว่าง', 'S07', 'B02', 'C06'),
('ว่าง', 'S07', 'B03', 'C06'),
('ว่าง', 'S07', 'B04', 'C06'),
('ว่าง', 'S07', 'B05', 'C06'),
('ว่าง', 'S07', 'B06', 'C06'),
('ว่าง', 'S07', 'B07', 'C06'),
('ว่าง', 'S07', 'B08', 'C06'),
('ว่าง', 'S07', 'B09', 'C06'),
('ว่าง', 'S07', 'B10', 'C06'),
('ว่าง', 'S07', 'B11', 'C06'),
('ว่าง', 'S07', 'B12', 'C06'),
('ว่าง', 'S07', 'B13', 'C06'),
('ว่าง', 'S07', 'B14', 'C06'),
('ว่าง', 'S07', 'B15', 'C06'),
('ว่าง', 'S07', 'B16', 'C06'),
('ว่าง', 'S07', 'B17', 'C06'),
('ว่าง', 'S07', 'B18', 'C06'),
('ว่าง', 'S07', 'B19', 'C06'),
('ว่าง', 'S07', 'B20', 'C06'),
('ว่าง', 'S07', 'B21', 'C06'),
('ว่าง', 'S07', 'B22', 'C06'),
('ว่าง', 'S07', 'B23', 'C06'),
('ว่าง', 'S07', 'B24', 'C06'),
('ว่าง', 'S07', 'B25', 'C06'),
('ว่าง', 'S07', 'C01', 'C06'),
('ว่าง', 'S07', 'C02', 'C06'),
('ว่าง', 'S07', 'C03', 'C06'),
('ว่าง', 'S07', 'C04', 'C06'),
('ว่าง', 'S07', 'C05', 'C06'),
('ว่าง', 'S07', 'C06', 'C06'),
('ว่าง', 'S07', 'C07', 'C06'),
('ว่าง', 'S07', 'C08', 'C06'),
('ว่าง', 'S07', 'C09', 'C06'),
('ว่าง', 'S07', 'C10', 'C06'),
('จองแล้ว', 'S07', 'C11', 'C06'),
('จองแล้ว', 'S07', 'C12', 'C06'),
('ว่าง', 'S07', 'C13', 'C06'),
('ว่าง', 'S07', 'C14', 'C06'),
('ว่าง', 'S07', 'C15', 'C06'),
('ว่าง', 'S07', 'C16', 'C06'),
('ว่าง', 'S07', 'C17', 'C06'),
('ว่าง', 'S07', 'C18', 'C06'),
('ว่าง', 'S07', 'C19', 'C06'),
('ว่าง', 'S07', 'C20', 'C06'),
('ว่าง', 'S07', 'C21', 'C06'),
('ว่าง', 'S07', 'C22', 'C06'),
('ว่าง', 'S07', 'C23', 'C06'),
('ว่าง', 'S07', 'C24', 'C06'),
('ว่าง', 'S07', 'C25', 'C06'),
('ว่าง', 'S07', 'D01', 'C06'),
('ว่าง', 'S07', 'D02', 'C06'),
('ว่าง', 'S07', 'D03', 'C06'),
('ว่าง', 'S07', 'D04', 'C06'),
('ว่าง', 'S07', 'D05', 'C06'),
('ว่าง', 'S07', 'D06', 'C06'),
('ว่าง', 'S07', 'D07', 'C06'),
('ว่าง', 'S07', 'D08', 'C06'),
('ว่าง', 'S07', 'D09', 'C06'),
('ว่าง', 'S07', 'D10', 'C06'),
('ว่าง', 'S07', 'D11', 'C06'),
('ว่าง', 'S07', 'D12', 'C06'),
('ว่าง', 'S07', 'D13', 'C06'),
('ว่าง', 'S07', 'D14', 'C06'),
('ว่าง', 'S07', 'D15', 'C06'),
('ว่าง', 'S07', 'D16', 'C06'),
('ว่าง', 'S07', 'D17', 'C06'),
('ว่าง', 'S07', 'D18', 'C06'),
('ว่าง', 'S07', 'D19', 'C06'),
('ว่าง', 'S07', 'D20', 'C06'),
('ว่าง', 'S07', 'D21', 'C06'),
('ว่าง', 'S07', 'D22', 'C06'),
('ว่าง', 'S07', 'D23', 'C06'),
('ว่าง', 'S07', 'D24', 'C06'),
('ว่าง', 'S07', 'D25', 'C06'),
('ว่าง', 'S07', 'E01', 'C06'),
('ว่าง', 'S07', 'E02', 'C06'),
('ว่าง', 'S07', 'E03', 'C06'),
('ว่าง', 'S07', 'E04', 'C06'),
('ว่าง', 'S07', 'E05', 'C06'),
('ว่าง', 'S07', 'E06', 'C06'),
('ว่าง', 'S07', 'E07', 'C06'),
('ว่าง', 'S07', 'E08', 'C06'),
('ว่าง', 'S07', 'E09', 'C06'),
('ว่าง', 'S07', 'E10', 'C06'),
('ว่าง', 'S07', 'E11', 'C06'),
('ว่าง', 'S07', 'E12', 'C06'),
('ว่าง', 'S07', 'E13', 'C06'),
('ว่าง', 'S07', 'E14', 'C06'),
('ว่าง', 'S07', 'E15', 'C06'),
('ว่าง', 'S07', 'E16', 'C06'),
('ว่าง', 'S07', 'E17', 'C06'),
('ว่าง', 'S07', 'E18', 'C06'),
('ว่าง', 'S07', 'E19', 'C06'),
('ว่าง', 'S07', 'E20', 'C06'),
('ว่าง', 'S07', 'E21', 'C06'),
('ว่าง', 'S07', 'E22', 'C06'),
('ว่าง', 'S07', 'E23', 'C06'),
('ว่าง', 'S07', 'E24', 'C06'),
('ว่าง', 'S07', 'E25', 'C06'),
('ว่าง', 'S07', 'F01', 'C06'),
('ว่าง', 'S07', 'F02', 'C06'),
('ว่าง', 'S07', 'F03', 'C06'),
('ว่าง', 'S07', 'F04', 'C06'),
('ว่าง', 'S07', 'F05', 'C06'),
('ว่าง', 'S07', 'F06', 'C06'),
('ว่าง', 'S07', 'F07', 'C06'),
('ว่าง', 'S07', 'F08', 'C06'),
('ว่าง', 'S07', 'F09', 'C06'),
('ว่าง', 'S07', 'F10', 'C06'),
('ว่าง', 'S07', 'F11', 'C06'),
('ว่าง', 'S07', 'F12', 'C06'),
('ว่าง', 'S07', 'F13', 'C06'),
('ว่าง', 'S07', 'F14', 'C06'),
('ว่าง', 'S07', 'F15', 'C06'),
('ว่าง', 'S07', 'F16', 'C06'),
('ว่าง', 'S07', 'F17', 'C06'),
('ว่าง', 'S07', 'F18', 'C06'),
('ว่าง', 'S07', 'F19', 'C06'),
('ว่าง', 'S07', 'F20', 'C06'),
('ว่าง', 'S07', 'F21', 'C06'),
('ว่าง', 'S07', 'F22', 'C06'),
('ว่าง', 'S07', 'F23', 'C06'),
('ว่าง', 'S07', 'F24', 'C06'),
('ว่าง', 'S07', 'F25', 'C06'),
('ว่าง', 'S07', 'G01', 'C06'),
('ว่าง', 'S07', 'G02', 'C06'),
('ว่าง', 'S07', 'G03', 'C06'),
('ว่าง', 'S07', 'G04', 'C06'),
('ว่าง', 'S07', 'G05', 'C06'),
('ว่าง', 'S07', 'G06', 'C06'),
('ว่าง', 'S07', 'G07', 'C06'),
('ว่าง', 'S07', 'G08', 'C06'),
('ว่าง', 'S07', 'G09', 'C06'),
('ว่าง', 'S07', 'G10', 'C06'),
('ว่าง', 'S07', 'G11', 'C06'),
('ว่าง', 'S07', 'G12', 'C06'),
('ว่าง', 'S07', 'G13', 'C06'),
('ว่าง', 'S07', 'G14', 'C06'),
('ว่าง', 'S07', 'G15', 'C06'),
('ว่าง', 'S07', 'G16', 'C06'),
('ว่าง', 'S07', 'G17', 'C06');
INSERT INTO `showdateandseat` (`Status`, `ShowDate_id`, `Seat_Number`, `Concert_id`) VALUES
('ว่าง', 'S07', 'G18', 'C06'),
('ว่าง', 'S07', 'G19', 'C06'),
('ว่าง', 'S07', 'G20', 'C06'),
('ว่าง', 'S07', 'G21', 'C06'),
('ว่าง', 'S07', 'G22', 'C06'),
('ว่าง', 'S07', 'G23', 'C06'),
('ว่าง', 'S07', 'G24', 'C06'),
('ว่าง', 'S07', 'G25', 'C06'),
('ว่าง', 'S07', 'H01', 'C06'),
('ว่าง', 'S07', 'H02', 'C06'),
('ว่าง', 'S07', 'H03', 'C06'),
('ว่าง', 'S07', 'H04', 'C06'),
('ว่าง', 'S07', 'H05', 'C06'),
('ว่าง', 'S07', 'H06', 'C06'),
('ว่าง', 'S07', 'H07', 'C06'),
('ว่าง', 'S07', 'H08', 'C06'),
('ว่าง', 'S07', 'H09', 'C06'),
('ว่าง', 'S07', 'H10', 'C06'),
('ว่าง', 'S07', 'H11', 'C06'),
('ว่าง', 'S07', 'H12', 'C06'),
('ว่าง', 'S07', 'H13', 'C06'),
('ว่าง', 'S07', 'H14', 'C06'),
('ว่าง', 'S07', 'H15', 'C06'),
('ว่าง', 'S07', 'H16', 'C06'),
('ว่าง', 'S07', 'H17', 'C06'),
('ว่าง', 'S07', 'H18', 'C06'),
('ว่าง', 'S07', 'H19', 'C06'),
('ว่าง', 'S07', 'H20', 'C06'),
('ว่าง', 'S07', 'H21', 'C06'),
('ว่าง', 'S07', 'H22', 'C06'),
('ว่าง', 'S07', 'H23', 'C06'),
('ว่าง', 'S07', 'H24', 'C06'),
('ว่าง', 'S07', 'H25', 'C06'),
('ว่าง', 'S08', 'A01', 'C07'),
('ว่าง', 'S08', 'A02', 'C07'),
('ว่าง', 'S08', 'A03', 'C07'),
('ว่าง', 'S08', 'A04', 'C07'),
('ว่าง', 'S08', 'A05', 'C07'),
('ว่าง', 'S08', 'A06', 'C07'),
('ว่าง', 'S08', 'A07', 'C07'),
('ว่าง', 'S08', 'A08', 'C07'),
('ว่าง', 'S08', 'A09', 'C07'),
('ว่าง', 'S08', 'A10', 'C07'),
('ว่าง', 'S08', 'A11', 'C07'),
('ว่าง', 'S08', 'A12', 'C07'),
('ว่าง', 'S08', 'A13', 'C07'),
('ว่าง', 'S08', 'A14', 'C07'),
('ว่าง', 'S08', 'A15', 'C07'),
('ว่าง', 'S08', 'A16', 'C07'),
('ว่าง', 'S08', 'A17', 'C07'),
('ว่าง', 'S08', 'A18', 'C07'),
('ว่าง', 'S08', 'A19', 'C07'),
('ว่าง', 'S08', 'A20', 'C07'),
('ว่าง', 'S08', 'A21', 'C07'),
('ว่าง', 'S08', 'A22', 'C07'),
('ว่าง', 'S08', 'A23', 'C07'),
('ว่าง', 'S08', 'A24', 'C07'),
('ว่าง', 'S08', 'A25', 'C07'),
('ว่าง', 'S08', 'B01', 'C07'),
('ว่าง', 'S08', 'B02', 'C07'),
('ว่าง', 'S08', 'B03', 'C07'),
('ว่าง', 'S08', 'B04', 'C07'),
('ว่าง', 'S08', 'B05', 'C07'),
('ว่าง', 'S08', 'B06', 'C07'),
('ว่าง', 'S08', 'B07', 'C07'),
('ว่าง', 'S08', 'B08', 'C07'),
('ว่าง', 'S08', 'B09', 'C07'),
('ว่าง', 'S08', 'B10', 'C07'),
('ว่าง', 'S08', 'B11', 'C07'),
('ว่าง', 'S08', 'B12', 'C07'),
('ว่าง', 'S08', 'B13', 'C07'),
('ว่าง', 'S08', 'B14', 'C07'),
('ว่าง', 'S08', 'B15', 'C07'),
('ว่าง', 'S08', 'B16', 'C07'),
('ว่าง', 'S08', 'B17', 'C07'),
('ว่าง', 'S08', 'B18', 'C07'),
('ว่าง', 'S08', 'B19', 'C07'),
('ว่าง', 'S08', 'B20', 'C07'),
('ว่าง', 'S08', 'B21', 'C07'),
('ว่าง', 'S08', 'B22', 'C07'),
('ว่าง', 'S08', 'B23', 'C07'),
('ว่าง', 'S08', 'B24', 'C07'),
('ว่าง', 'S08', 'B25', 'C07'),
('ว่าง', 'S08', 'C01', 'C07'),
('ว่าง', 'S08', 'C02', 'C07'),
('ว่าง', 'S08', 'C03', 'C07'),
('ว่าง', 'S08', 'C04', 'C07'),
('ว่าง', 'S08', 'C05', 'C07'),
('ว่าง', 'S08', 'C06', 'C07'),
('ว่าง', 'S08', 'C07', 'C07'),
('ว่าง', 'S08', 'C08', 'C07'),
('ว่าง', 'S08', 'C09', 'C07'),
('ว่าง', 'S08', 'C10', 'C07'),
('ว่าง', 'S08', 'C11', 'C07'),
('ว่าง', 'S08', 'C12', 'C07'),
('ว่าง', 'S08', 'C13', 'C07'),
('ว่าง', 'S08', 'C14', 'C07'),
('ว่าง', 'S08', 'C15', 'C07'),
('ว่าง', 'S08', 'C16', 'C07'),
('ว่าง', 'S08', 'C17', 'C07'),
('ว่าง', 'S08', 'C18', 'C07'),
('ว่าง', 'S08', 'C19', 'C07'),
('ว่าง', 'S08', 'C20', 'C07'),
('ว่าง', 'S08', 'C21', 'C07'),
('ว่าง', 'S08', 'C22', 'C07'),
('ว่าง', 'S08', 'C23', 'C07'),
('ว่าง', 'S08', 'C24', 'C07'),
('ว่าง', 'S08', 'C25', 'C07'),
('ว่าง', 'S08', 'D01', 'C07'),
('ว่าง', 'S08', 'D02', 'C07'),
('ว่าง', 'S08', 'D03', 'C07'),
('ว่าง', 'S08', 'D04', 'C07'),
('ว่าง', 'S08', 'D05', 'C07'),
('ว่าง', 'S08', 'D06', 'C07'),
('ว่าง', 'S08', 'D07', 'C07'),
('ว่าง', 'S08', 'D08', 'C07'),
('ว่าง', 'S08', 'D09', 'C07'),
('ว่าง', 'S08', 'D10', 'C07'),
('ว่าง', 'S08', 'D11', 'C07'),
('ว่าง', 'S08', 'D12', 'C07'),
('ว่าง', 'S08', 'D13', 'C07'),
('ว่าง', 'S08', 'D14', 'C07'),
('ว่าง', 'S08', 'D15', 'C07'),
('ว่าง', 'S08', 'D16', 'C07'),
('ว่าง', 'S08', 'D17', 'C07'),
('ว่าง', 'S08', 'D18', 'C07'),
('ว่าง', 'S08', 'D19', 'C07'),
('ว่าง', 'S08', 'D20', 'C07'),
('ว่าง', 'S08', 'D21', 'C07'),
('ว่าง', 'S08', 'D22', 'C07'),
('ว่าง', 'S08', 'D23', 'C07'),
('ว่าง', 'S08', 'D24', 'C07'),
('ว่าง', 'S08', 'D25', 'C07'),
('ว่าง', 'S08', 'E01', 'C07'),
('ว่าง', 'S08', 'E02', 'C07'),
('ว่าง', 'S08', 'E03', 'C07'),
('ว่าง', 'S08', 'E04', 'C07'),
('ว่าง', 'S08', 'E05', 'C07'),
('ว่าง', 'S08', 'E06', 'C07'),
('ว่าง', 'S08', 'E07', 'C07'),
('ว่าง', 'S08', 'E08', 'C07'),
('ว่าง', 'S08', 'E09', 'C07'),
('ว่าง', 'S08', 'E10', 'C07'),
('ว่าง', 'S08', 'E11', 'C07'),
('ว่าง', 'S08', 'E12', 'C07'),
('ว่าง', 'S08', 'E13', 'C07'),
('ว่าง', 'S08', 'E14', 'C07'),
('ว่าง', 'S08', 'E15', 'C07'),
('ว่าง', 'S08', 'E16', 'C07'),
('ว่าง', 'S08', 'E17', 'C07'),
('ว่าง', 'S08', 'E18', 'C07'),
('ว่าง', 'S08', 'E19', 'C07'),
('ว่าง', 'S08', 'E20', 'C07'),
('ว่าง', 'S08', 'E21', 'C07'),
('ว่าง', 'S08', 'E22', 'C07'),
('ว่าง', 'S08', 'E23', 'C07'),
('ว่าง', 'S08', 'E24', 'C07'),
('ว่าง', 'S08', 'E25', 'C07'),
('ว่าง', 'S08', 'F01', 'C07'),
('ว่าง', 'S08', 'F02', 'C07'),
('ว่าง', 'S08', 'F03', 'C07'),
('ว่าง', 'S08', 'F04', 'C07'),
('ว่าง', 'S08', 'F05', 'C07'),
('ว่าง', 'S08', 'F06', 'C07'),
('ว่าง', 'S08', 'F07', 'C07'),
('ว่าง', 'S08', 'F08', 'C07'),
('ว่าง', 'S08', 'F09', 'C07'),
('ว่าง', 'S08', 'F10', 'C07'),
('ว่าง', 'S08', 'F11', 'C07'),
('ว่าง', 'S08', 'F12', 'C07'),
('ว่าง', 'S08', 'F13', 'C07'),
('ว่าง', 'S08', 'F14', 'C07'),
('ว่าง', 'S08', 'F15', 'C07'),
('ว่าง', 'S08', 'F16', 'C07'),
('ว่าง', 'S08', 'F17', 'C07'),
('ว่าง', 'S08', 'F18', 'C07'),
('ว่าง', 'S08', 'F19', 'C07'),
('ว่าง', 'S08', 'F20', 'C07'),
('ว่าง', 'S08', 'F21', 'C07'),
('ว่าง', 'S08', 'F22', 'C07'),
('ว่าง', 'S08', 'F23', 'C07'),
('ว่าง', 'S08', 'F24', 'C07'),
('ว่าง', 'S08', 'F25', 'C07'),
('ว่าง', 'S08', 'G01', 'C07'),
('ว่าง', 'S08', 'G02', 'C07'),
('ว่าง', 'S08', 'G03', 'C07'),
('ว่าง', 'S08', 'G04', 'C07'),
('ว่าง', 'S08', 'G05', 'C07'),
('ว่าง', 'S08', 'G06', 'C07'),
('ว่าง', 'S08', 'G07', 'C07'),
('ว่าง', 'S08', 'G08', 'C07'),
('ว่าง', 'S08', 'G09', 'C07'),
('ว่าง', 'S08', 'G10', 'C07'),
('ว่าง', 'S08', 'G11', 'C07'),
('ว่าง', 'S08', 'G12', 'C07'),
('ว่าง', 'S08', 'G13', 'C07'),
('ว่าง', 'S08', 'G14', 'C07'),
('ว่าง', 'S08', 'G15', 'C07'),
('ว่าง', 'S08', 'G16', 'C07'),
('ว่าง', 'S08', 'G17', 'C07'),
('ว่าง', 'S08', 'G18', 'C07'),
('ว่าง', 'S08', 'G19', 'C07'),
('ว่าง', 'S08', 'G20', 'C07'),
('ว่าง', 'S08', 'G21', 'C07'),
('ว่าง', 'S08', 'G22', 'C07'),
('ว่าง', 'S08', 'G23', 'C07'),
('ว่าง', 'S08', 'G24', 'C07'),
('ว่าง', 'S08', 'G25', 'C07'),
('ว่าง', 'S08', 'H01', 'C07'),
('ว่าง', 'S08', 'H02', 'C07'),
('ว่าง', 'S08', 'H03', 'C07'),
('ว่าง', 'S08', 'H04', 'C07'),
('ว่าง', 'S08', 'H05', 'C07'),
('ว่าง', 'S08', 'H06', 'C07'),
('ว่าง', 'S08', 'H07', 'C07'),
('ว่าง', 'S08', 'H08', 'C07'),
('ว่าง', 'S08', 'H09', 'C07'),
('ว่าง', 'S08', 'H10', 'C07'),
('ว่าง', 'S08', 'H11', 'C07'),
('ว่าง', 'S08', 'H12', 'C07'),
('ว่าง', 'S08', 'H13', 'C07'),
('ว่าง', 'S08', 'H14', 'C07'),
('ว่าง', 'S08', 'H15', 'C07'),
('ว่าง', 'S08', 'H16', 'C07'),
('ว่าง', 'S08', 'H17', 'C07'),
('ว่าง', 'S08', 'H18', 'C07'),
('ว่าง', 'S08', 'H19', 'C07'),
('ว่าง', 'S08', 'H20', 'C07'),
('ว่าง', 'S08', 'H21', 'C07'),
('ว่าง', 'S08', 'H22', 'C07'),
('ว่าง', 'S08', 'H23', 'C07'),
('ว่าง', 'S08', 'H24', 'C07'),
('ว่าง', 'S08', 'H25', 'C07'),
('ว่าง', 'S08', 'I01', 'C07'),
('ว่าง', 'S08', 'I02', 'C07'),
('ว่าง', 'S08', 'I03', 'C07'),
('ว่าง', 'S08', 'I04', 'C07'),
('ว่าง', 'S08', 'I05', 'C07'),
('ว่าง', 'S08', 'I06', 'C07'),
('ว่าง', 'S08', 'I07', 'C07'),
('ว่าง', 'S08', 'I08', 'C07'),
('ว่าง', 'S08', 'I09', 'C07'),
('ว่าง', 'S08', 'I10', 'C07'),
('ว่าง', 'S08', 'I11', 'C07'),
('ว่าง', 'S08', 'I12', 'C07'),
('ว่าง', 'S08', 'I13', 'C07'),
('ว่าง', 'S08', 'I14', 'C07'),
('ว่าง', 'S08', 'I15', 'C07'),
('ว่าง', 'S08', 'I16', 'C07'),
('ว่าง', 'S08', 'I17', 'C07'),
('ว่าง', 'S08', 'I18', 'C07'),
('ว่าง', 'S08', 'I19', 'C07'),
('ว่าง', 'S08', 'I20', 'C07'),
('ว่าง', 'S08', 'I21', 'C07'),
('ว่าง', 'S08', 'I22', 'C07'),
('ว่าง', 'S08', 'I23', 'C07'),
('ว่าง', 'S08', 'I24', 'C07'),
('ว่าง', 'S08', 'I25', 'C07'),
('ว่าง', 'S08', 'J01', 'C07'),
('ว่าง', 'S08', 'J02', 'C07'),
('ว่าง', 'S08', 'J03', 'C07'),
('ว่าง', 'S08', 'J04', 'C07'),
('ว่าง', 'S08', 'J05', 'C07'),
('ว่าง', 'S08', 'J06', 'C07'),
('ว่าง', 'S08', 'J07', 'C07'),
('ว่าง', 'S08', 'J08', 'C07'),
('ว่าง', 'S08', 'J09', 'C07'),
('ว่าง', 'S08', 'J10', 'C07'),
('ว่าง', 'S08', 'J11', 'C07'),
('ว่าง', 'S08', 'J12', 'C07'),
('ว่าง', 'S08', 'J13', 'C07'),
('ว่าง', 'S08', 'J14', 'C07'),
('ว่าง', 'S08', 'J15', 'C07'),
('ว่าง', 'S08', 'J16', 'C07'),
('ว่าง', 'S08', 'J17', 'C07'),
('ว่าง', 'S08', 'J18', 'C07'),
('ว่าง', 'S08', 'J19', 'C07'),
('ว่าง', 'S08', 'J20', 'C07'),
('ว่าง', 'S08', 'J21', 'C07'),
('ว่าง', 'S08', 'J22', 'C07'),
('ว่าง', 'S08', 'J23', 'C07'),
('ว่าง', 'S08', 'J24', 'C07'),
('ว่าง', 'S08', 'J25', 'C07'),
('ว่าง', 'S09', 'A01', 'C08'),
('ว่าง', 'S09', 'A02', 'C08'),
('ว่าง', 'S09', 'A03', 'C08'),
('ว่าง', 'S09', 'A04', 'C08'),
('ว่าง', 'S09', 'A05', 'C08'),
('ว่าง', 'S09', 'A06', 'C08'),
('ว่าง', 'S09', 'A07', 'C08'),
('ว่าง', 'S09', 'A08', 'C08'),
('ว่าง', 'S09', 'A09', 'C08'),
('ว่าง', 'S09', 'A10', 'C08'),
('ว่าง', 'S09', 'A11', 'C08'),
('ว่าง', 'S09', 'A12', 'C08'),
('ว่าง', 'S09', 'A13', 'C08'),
('ว่าง', 'S09', 'A14', 'C08'),
('ว่าง', 'S09', 'A15', 'C08'),
('ว่าง', 'S09', 'A16', 'C08'),
('ว่าง', 'S09', 'A17', 'C08'),
('ว่าง', 'S09', 'A18', 'C08'),
('ว่าง', 'S09', 'A19', 'C08'),
('ว่าง', 'S09', 'A20', 'C08'),
('ว่าง', 'S09', 'A21', 'C08'),
('ว่าง', 'S09', 'A22', 'C08'),
('ว่าง', 'S09', 'A23', 'C08'),
('ว่าง', 'S09', 'A24', 'C08'),
('ว่าง', 'S09', 'A25', 'C08'),
('ว่าง', 'S09', 'B01', 'C08'),
('ว่าง', 'S09', 'B02', 'C08'),
('ว่าง', 'S09', 'B03', 'C08'),
('ว่าง', 'S09', 'B04', 'C08'),
('ว่าง', 'S09', 'B05', 'C08'),
('ว่าง', 'S09', 'B06', 'C08'),
('ว่าง', 'S09', 'B07', 'C08'),
('ว่าง', 'S09', 'B08', 'C08'),
('ว่าง', 'S09', 'B09', 'C08'),
('ว่าง', 'S09', 'B10', 'C08'),
('ว่าง', 'S09', 'B11', 'C08'),
('ว่าง', 'S09', 'B12', 'C08'),
('ว่าง', 'S09', 'B13', 'C08'),
('ว่าง', 'S09', 'B14', 'C08'),
('ว่าง', 'S09', 'B15', 'C08'),
('ว่าง', 'S09', 'B16', 'C08'),
('ว่าง', 'S09', 'B17', 'C08'),
('ว่าง', 'S09', 'B18', 'C08'),
('ว่าง', 'S09', 'B19', 'C08'),
('ว่าง', 'S09', 'B20', 'C08'),
('ว่าง', 'S09', 'B21', 'C08'),
('ว่าง', 'S09', 'B22', 'C08'),
('ว่าง', 'S09', 'B23', 'C08'),
('ว่าง', 'S09', 'B24', 'C08'),
('ว่าง', 'S09', 'B25', 'C08'),
('ว่าง', 'S09', 'C01', 'C08'),
('ว่าง', 'S09', 'C02', 'C08'),
('ว่าง', 'S09', 'C03', 'C08'),
('ว่าง', 'S09', 'C04', 'C08'),
('ว่าง', 'S09', 'C05', 'C08'),
('ว่าง', 'S09', 'C06', 'C08'),
('ว่าง', 'S09', 'C07', 'C08'),
('ว่าง', 'S09', 'C08', 'C08'),
('ว่าง', 'S09', 'C09', 'C08'),
('ว่าง', 'S09', 'C10', 'C08'),
('ว่าง', 'S09', 'C11', 'C08'),
('ว่าง', 'S09', 'C12', 'C08'),
('ว่าง', 'S09', 'C13', 'C08'),
('ว่าง', 'S09', 'C14', 'C08'),
('ว่าง', 'S09', 'C15', 'C08'),
('ว่าง', 'S09', 'C16', 'C08'),
('ว่าง', 'S09', 'C17', 'C08'),
('ว่าง', 'S09', 'C18', 'C08'),
('ว่าง', 'S09', 'C19', 'C08'),
('ว่าง', 'S09', 'C20', 'C08'),
('ว่าง', 'S09', 'C21', 'C08'),
('ว่าง', 'S09', 'C22', 'C08'),
('ว่าง', 'S09', 'C23', 'C08'),
('ว่าง', 'S09', 'C24', 'C08'),
('ว่าง', 'S09', 'C25', 'C08'),
('ว่าง', 'S09', 'D01', 'C08'),
('ว่าง', 'S09', 'D02', 'C08'),
('ว่าง', 'S09', 'D03', 'C08'),
('ว่าง', 'S09', 'D04', 'C08'),
('ว่าง', 'S09', 'D05', 'C08'),
('ว่าง', 'S09', 'D06', 'C08'),
('ว่าง', 'S09', 'D07', 'C08'),
('ว่าง', 'S09', 'D08', 'C08'),
('ว่าง', 'S09', 'D09', 'C08'),
('ว่าง', 'S09', 'D10', 'C08'),
('ว่าง', 'S09', 'D11', 'C08'),
('ว่าง', 'S09', 'D12', 'C08'),
('ว่าง', 'S09', 'D13', 'C08'),
('ว่าง', 'S09', 'D14', 'C08'),
('ว่าง', 'S09', 'D15', 'C08'),
('ว่าง', 'S09', 'D16', 'C08'),
('ว่าง', 'S09', 'D17', 'C08'),
('ว่าง', 'S09', 'D18', 'C08'),
('ว่าง', 'S09', 'D19', 'C08'),
('ว่าง', 'S09', 'D20', 'C08'),
('ว่าง', 'S09', 'D21', 'C08'),
('ว่าง', 'S09', 'D22', 'C08'),
('ว่าง', 'S09', 'D23', 'C08'),
('ว่าง', 'S09', 'D24', 'C08'),
('ว่าง', 'S09', 'D25', 'C08'),
('ว่าง', 'S09', 'E01', 'C08'),
('ว่าง', 'S09', 'E02', 'C08'),
('ว่าง', 'S09', 'E03', 'C08'),
('ว่าง', 'S09', 'E04', 'C08'),
('ว่าง', 'S09', 'E05', 'C08'),
('ว่าง', 'S09', 'E06', 'C08'),
('ว่าง', 'S09', 'E07', 'C08'),
('ว่าง', 'S09', 'E08', 'C08'),
('ว่าง', 'S09', 'E09', 'C08'),
('ว่าง', 'S09', 'E10', 'C08'),
('ว่าง', 'S09', 'E11', 'C08'),
('ว่าง', 'S09', 'E12', 'C08'),
('ว่าง', 'S09', 'E13', 'C08'),
('ว่าง', 'S09', 'E14', 'C08'),
('ว่าง', 'S09', 'E15', 'C08'),
('ว่าง', 'S09', 'E16', 'C08'),
('ว่าง', 'S09', 'E17', 'C08'),
('ว่าง', 'S09', 'E18', 'C08'),
('ว่าง', 'S09', 'E19', 'C08'),
('ว่าง', 'S09', 'E20', 'C08'),
('ว่าง', 'S09', 'E21', 'C08'),
('ว่าง', 'S09', 'E22', 'C08'),
('ว่าง', 'S09', 'E23', 'C08'),
('ว่าง', 'S09', 'E24', 'C08'),
('ว่าง', 'S09', 'E25', 'C08'),
('ว่าง', 'S09', 'F01', 'C08'),
('ว่าง', 'S09', 'F02', 'C08'),
('ว่าง', 'S09', 'F03', 'C08'),
('ว่าง', 'S09', 'F04', 'C08'),
('ว่าง', 'S09', 'F05', 'C08'),
('ว่าง', 'S09', 'F06', 'C08'),
('ว่าง', 'S09', 'F07', 'C08'),
('ว่าง', 'S09', 'F08', 'C08'),
('ว่าง', 'S09', 'F09', 'C08'),
('ว่าง', 'S09', 'F10', 'C08'),
('ว่าง', 'S09', 'F11', 'C08'),
('ว่าง', 'S09', 'F12', 'C08'),
('ว่าง', 'S09', 'F13', 'C08'),
('ว่าง', 'S09', 'F14', 'C08'),
('ว่าง', 'S09', 'F15', 'C08'),
('ว่าง', 'S09', 'F16', 'C08'),
('ว่าง', 'S09', 'F17', 'C08'),
('ว่าง', 'S09', 'F18', 'C08'),
('ว่าง', 'S09', 'F19', 'C08'),
('ว่าง', 'S09', 'F20', 'C08'),
('ว่าง', 'S09', 'F21', 'C08'),
('ว่าง', 'S09', 'F22', 'C08'),
('ว่าง', 'S09', 'F23', 'C08'),
('ว่าง', 'S09', 'F24', 'C08'),
('ว่าง', 'S09', 'F25', 'C08'),
('ว่าง', 'S09', 'G01', 'C08'),
('ว่าง', 'S09', 'G02', 'C08'),
('ว่าง', 'S09', 'G03', 'C08'),
('ว่าง', 'S09', 'G04', 'C08'),
('ว่าง', 'S09', 'G05', 'C08'),
('ว่าง', 'S09', 'G06', 'C08'),
('ว่าง', 'S09', 'G07', 'C08'),
('ว่าง', 'S09', 'G08', 'C08'),
('ว่าง', 'S09', 'G09', 'C08'),
('ว่าง', 'S09', 'G10', 'C08'),
('ว่าง', 'S09', 'G11', 'C08'),
('ว่าง', 'S09', 'G12', 'C08'),
('ว่าง', 'S09', 'G13', 'C08'),
('ว่าง', 'S09', 'G14', 'C08'),
('ว่าง', 'S09', 'G15', 'C08'),
('ว่าง', 'S09', 'G16', 'C08'),
('ว่าง', 'S09', 'G17', 'C08'),
('ว่าง', 'S09', 'G18', 'C08'),
('ว่าง', 'S09', 'G19', 'C08'),
('ว่าง', 'S09', 'G20', 'C08'),
('ว่าง', 'S09', 'G21', 'C08'),
('ว่าง', 'S09', 'G22', 'C08'),
('ว่าง', 'S09', 'G23', 'C08'),
('ว่าง', 'S09', 'G24', 'C08'),
('ว่าง', 'S09', 'G25', 'C08'),
('ว่าง', 'S09', 'H01', 'C08'),
('ว่าง', 'S09', 'H02', 'C08'),
('ว่าง', 'S09', 'H03', 'C08'),
('ว่าง', 'S09', 'H04', 'C08'),
('ว่าง', 'S09', 'H05', 'C08'),
('ว่าง', 'S09', 'H06', 'C08'),
('ว่าง', 'S09', 'H07', 'C08'),
('ว่าง', 'S09', 'H08', 'C08'),
('ว่าง', 'S09', 'H09', 'C08'),
('ว่าง', 'S09', 'H10', 'C08'),
('ว่าง', 'S09', 'H11', 'C08'),
('ว่าง', 'S09', 'H12', 'C08'),
('ว่าง', 'S09', 'H13', 'C08'),
('ว่าง', 'S09', 'H14', 'C08'),
('ว่าง', 'S09', 'H15', 'C08'),
('ว่าง', 'S09', 'H16', 'C08'),
('ว่าง', 'S09', 'H17', 'C08'),
('ว่าง', 'S09', 'H18', 'C08'),
('ว่าง', 'S09', 'H19', 'C08'),
('ว่าง', 'S09', 'H20', 'C08'),
('ว่าง', 'S09', 'H21', 'C08'),
('ว่าง', 'S09', 'H22', 'C08'),
('ว่าง', 'S09', 'H23', 'C08'),
('ว่าง', 'S09', 'H24', 'C08'),
('ว่าง', 'S09', 'H25', 'C08'),
('ว่าง', 'S10', 'A01', 'C09'),
('ว่าง', 'S10', 'A02', 'C09'),
('ว่าง', 'S10', 'A03', 'C09'),
('ว่าง', 'S10', 'A04', 'C09'),
('ว่าง', 'S10', 'A05', 'C09'),
('ว่าง', 'S10', 'A06', 'C09'),
('ว่าง', 'S10', 'A07', 'C09'),
('ว่าง', 'S10', 'A08', 'C09'),
('ว่าง', 'S10', 'A09', 'C09'),
('ว่าง', 'S10', 'A10', 'C09'),
('ว่าง', 'S10', 'A11', 'C09'),
('ว่าง', 'S10', 'A12', 'C09'),
('ว่าง', 'S10', 'A13', 'C09'),
('ว่าง', 'S10', 'A14', 'C09'),
('ว่าง', 'S10', 'A15', 'C09'),
('ว่าง', 'S10', 'A16', 'C09'),
('ว่าง', 'S10', 'A17', 'C09'),
('ว่าง', 'S10', 'A18', 'C09'),
('ว่าง', 'S10', 'A19', 'C09'),
('ว่าง', 'S10', 'A20', 'C09'),
('ว่าง', 'S10', 'A21', 'C09'),
('ว่าง', 'S10', 'A22', 'C09'),
('ว่าง', 'S10', 'A23', 'C09'),
('ว่าง', 'S10', 'A24', 'C09'),
('ว่าง', 'S10', 'A25', 'C09'),
('ว่าง', 'S10', 'B01', 'C09'),
('ว่าง', 'S10', 'B02', 'C09'),
('ว่าง', 'S10', 'B03', 'C09'),
('ว่าง', 'S10', 'B04', 'C09'),
('ว่าง', 'S10', 'B05', 'C09'),
('ว่าง', 'S10', 'B06', 'C09'),
('ว่าง', 'S10', 'B07', 'C09'),
('ว่าง', 'S10', 'B08', 'C09'),
('ว่าง', 'S10', 'B09', 'C09'),
('ว่าง', 'S10', 'B10', 'C09'),
('ว่าง', 'S10', 'B11', 'C09'),
('ว่าง', 'S10', 'B12', 'C09'),
('ว่าง', 'S10', 'B13', 'C09'),
('ว่าง', 'S10', 'B14', 'C09'),
('ว่าง', 'S10', 'B15', 'C09'),
('ว่าง', 'S10', 'B16', 'C09'),
('ว่าง', 'S10', 'B17', 'C09'),
('ว่าง', 'S10', 'B18', 'C09'),
('ว่าง', 'S10', 'B19', 'C09'),
('ว่าง', 'S10', 'B20', 'C09'),
('ว่าง', 'S10', 'B21', 'C09'),
('ว่าง', 'S10', 'B22', 'C09'),
('ว่าง', 'S10', 'B23', 'C09'),
('ว่าง', 'S10', 'B24', 'C09'),
('ว่าง', 'S10', 'B25', 'C09'),
('ว่าง', 'S10', 'C01', 'C09'),
('ว่าง', 'S10', 'C02', 'C09'),
('ว่าง', 'S10', 'C03', 'C09'),
('ว่าง', 'S10', 'C04', 'C09'),
('ว่าง', 'S10', 'C05', 'C09'),
('ว่าง', 'S10', 'C06', 'C09'),
('ว่าง', 'S10', 'C07', 'C09'),
('ว่าง', 'S10', 'C08', 'C09'),
('ว่าง', 'S10', 'C09', 'C09'),
('ว่าง', 'S10', 'C10', 'C09'),
('ว่าง', 'S10', 'C11', 'C09'),
('ว่าง', 'S10', 'C12', 'C09'),
('ว่าง', 'S10', 'C13', 'C09'),
('ว่าง', 'S10', 'C14', 'C09'),
('ว่าง', 'S10', 'C15', 'C09'),
('ว่าง', 'S10', 'C16', 'C09'),
('ว่าง', 'S10', 'C17', 'C09'),
('ว่าง', 'S10', 'C18', 'C09'),
('ว่าง', 'S10', 'C19', 'C09'),
('ว่าง', 'S10', 'C20', 'C09'),
('ว่าง', 'S10', 'C21', 'C09'),
('ว่าง', 'S10', 'C22', 'C09'),
('ว่าง', 'S10', 'C23', 'C09'),
('ว่าง', 'S10', 'C24', 'C09'),
('ว่าง', 'S10', 'C25', 'C09'),
('ว่าง', 'S10', 'D01', 'C09'),
('ว่าง', 'S10', 'D02', 'C09'),
('ว่าง', 'S10', 'D03', 'C09'),
('ว่าง', 'S10', 'D04', 'C09'),
('ว่าง', 'S10', 'D05', 'C09'),
('ว่าง', 'S10', 'D06', 'C09'),
('ว่าง', 'S10', 'D07', 'C09'),
('ว่าง', 'S10', 'D08', 'C09'),
('ว่าง', 'S10', 'D09', 'C09'),
('ว่าง', 'S10', 'D10', 'C09'),
('ว่าง', 'S10', 'D11', 'C09'),
('ว่าง', 'S10', 'D12', 'C09'),
('ว่าง', 'S10', 'D13', 'C09'),
('ว่าง', 'S10', 'D14', 'C09'),
('ว่าง', 'S10', 'D15', 'C09'),
('ว่าง', 'S10', 'D16', 'C09'),
('ว่าง', 'S10', 'D17', 'C09'),
('ว่าง', 'S10', 'D18', 'C09'),
('ว่าง', 'S10', 'D19', 'C09'),
('ว่าง', 'S10', 'D20', 'C09'),
('ว่าง', 'S10', 'D21', 'C09'),
('ว่าง', 'S10', 'D22', 'C09'),
('ว่าง', 'S10', 'D23', 'C09'),
('ว่าง', 'S10', 'D24', 'C09'),
('ว่าง', 'S10', 'D25', 'C09'),
('ว่าง', 'S10', 'E01', 'C09'),
('ว่าง', 'S10', 'E02', 'C09'),
('ว่าง', 'S10', 'E03', 'C09'),
('ว่าง', 'S10', 'E04', 'C09'),
('ว่าง', 'S10', 'E05', 'C09'),
('ว่าง', 'S10', 'E06', 'C09'),
('ว่าง', 'S10', 'E07', 'C09'),
('ว่าง', 'S10', 'E08', 'C09'),
('ว่าง', 'S10', 'E09', 'C09'),
('ว่าง', 'S10', 'E10', 'C09'),
('ว่าง', 'S10', 'E11', 'C09'),
('ว่าง', 'S10', 'E12', 'C09'),
('ว่าง', 'S10', 'E13', 'C09'),
('ว่าง', 'S10', 'E14', 'C09'),
('ว่าง', 'S10', 'E15', 'C09'),
('ว่าง', 'S10', 'E16', 'C09'),
('ว่าง', 'S10', 'E17', 'C09'),
('ว่าง', 'S10', 'E18', 'C09'),
('ว่าง', 'S10', 'E19', 'C09'),
('ว่าง', 'S10', 'E20', 'C09'),
('ว่าง', 'S10', 'E21', 'C09'),
('ว่าง', 'S10', 'E22', 'C09'),
('ว่าง', 'S10', 'E23', 'C09'),
('ว่าง', 'S11', 'A01', 'C10'),
('ว่าง', 'S11', 'A02', 'C10'),
('ว่าง', 'S11', 'A03', 'C10'),
('ว่าง', 'S11', 'A04', 'C10'),
('ว่าง', 'S11', 'A05', 'C10'),
('ว่าง', 'S11', 'A06', 'C10'),
('ว่าง', 'S11', 'A07', 'C10'),
('ว่าง', 'S11', 'A08', 'C10'),
('จองแล้ว', 'S11', 'A09', 'C10'),
('จองแล้ว', 'S11', 'A10', 'C10'),
('จองแล้ว', 'S11', 'A11', 'C10'),
('จองแล้ว', 'S11', 'A12', 'C10'),
('ว่าง', 'S11', 'A13', 'C10'),
('จองแล้ว', 'S11', 'A14', 'C10'),
('จองแล้ว', 'S11', 'A15', 'C10'),
('ว่าง', 'S11', 'A16', 'C10'),
('ว่าง', 'S11', 'A17', 'C10'),
('ว่าง', 'S11', 'A18', 'C10'),
('ว่าง', 'S11', 'A19', 'C10'),
('ว่าง', 'S11', 'A20', 'C10'),
('ว่าง', 'S11', 'A21', 'C10'),
('ว่าง', 'S11', 'A22', 'C10'),
('ว่าง', 'S11', 'A23', 'C10'),
('ว่าง', 'S11', 'A24', 'C10'),
('ว่าง', 'S11', 'A25', 'C10'),
('ว่าง', 'S11', 'B01', 'C10'),
('ว่าง', 'S11', 'B02', 'C10'),
('ว่าง', 'S11', 'B03', 'C10'),
('ว่าง', 'S11', 'B04', 'C10'),
('ว่าง', 'S11', 'B05', 'C10'),
('ว่าง', 'S11', 'B06', 'C10'),
('ว่าง', 'S11', 'B07', 'C10'),
('จองแล้ว', 'S11', 'B08', 'C10'),
('จองแล้ว', 'S11', 'B09', 'C10'),
('ว่าง', 'S11', 'B10', 'C10'),
('ว่าง', 'S11', 'B11', 'C10'),
('ว่าง', 'S11', 'B12', 'C10'),
('ว่าง', 'S11', 'B13', 'C10'),
('ว่าง', 'S11', 'B14', 'C10'),
('ว่าง', 'S11', 'B15', 'C10'),
('ว่าง', 'S11', 'B16', 'C10'),
('ว่าง', 'S11', 'B17', 'C10'),
('ว่าง', 'S11', 'B18', 'C10'),
('ว่าง', 'S11', 'B19', 'C10'),
('ว่าง', 'S11', 'B20', 'C10'),
('ว่าง', 'S11', 'B21', 'C10'),
('ว่าง', 'S11', 'B22', 'C10'),
('ว่าง', 'S11', 'B23', 'C10'),
('ว่าง', 'S11', 'B24', 'C10'),
('ว่าง', 'S11', 'B25', 'C10'),
('ว่าง', 'S11', 'C01', 'C10'),
('ว่าง', 'S11', 'C02', 'C10'),
('ว่าง', 'S11', 'C03', 'C10'),
('ว่าง', 'S11', 'C04', 'C10'),
('ว่าง', 'S11', 'C05', 'C10'),
('ว่าง', 'S11', 'C06', 'C10'),
('ว่าง', 'S11', 'C07', 'C10'),
('ว่าง', 'S11', 'C08', 'C10'),
('ว่าง', 'S11', 'C09', 'C10'),
('ว่าง', 'S11', 'C10', 'C10'),
('ว่าง', 'S11', 'C11', 'C10'),
('จองแล้ว', 'S11', 'C12', 'C10'),
('จองแล้ว', 'S11', 'C13', 'C10'),
('ว่าง', 'S11', 'C14', 'C10'),
('ว่าง', 'S11', 'C15', 'C10'),
('ว่าง', 'S11', 'C16', 'C10'),
('ว่าง', 'S11', 'C17', 'C10'),
('ว่าง', 'S11', 'C18', 'C10'),
('ว่าง', 'S11', 'C19', 'C10'),
('ว่าง', 'S11', 'C20', 'C10'),
('ว่าง', 'S11', 'C21', 'C10'),
('ว่าง', 'S11', 'C22', 'C10'),
('ว่าง', 'S11', 'C23', 'C10'),
('ว่าง', 'S11', 'C24', 'C10'),
('ว่าง', 'S11', 'C25', 'C10'),
('ว่าง', 'S11', 'D01', 'C10'),
('ว่าง', 'S11', 'D02', 'C10'),
('ว่าง', 'S11', 'D03', 'C10'),
('ว่าง', 'S11', 'D04', 'C10'),
('ว่าง', 'S11', 'D05', 'C10'),
('ว่าง', 'S11', 'D06', 'C10'),
('ว่าง', 'S11', 'D07', 'C10'),
('ว่าง', 'S11', 'D08', 'C10'),
('ว่าง', 'S11', 'D09', 'C10'),
('ว่าง', 'S11', 'D10', 'C10'),
('ว่าง', 'S11', 'D11', 'C10'),
('ว่าง', 'S11', 'D12', 'C10'),
('ว่าง', 'S11', 'D13', 'C10'),
('ว่าง', 'S11', 'D14', 'C10'),
('ว่าง', 'S11', 'D15', 'C10'),
('ว่าง', 'S11', 'D16', 'C10'),
('ว่าง', 'S11', 'D17', 'C10'),
('ว่าง', 'S11', 'D18', 'C10'),
('ว่าง', 'S11', 'D19', 'C10'),
('ว่าง', 'S11', 'D20', 'C10'),
('ว่าง', 'S11', 'D21', 'C10'),
('ว่าง', 'S11', 'D22', 'C10'),
('ว่าง', 'S11', 'D23', 'C10'),
('ว่าง', 'S11', 'D24', 'C10'),
('ว่าง', 'S11', 'D25', 'C10'),
('จองแล้ว', 'S12', 'A01', 'C11'),
('จองแล้ว', 'S12', 'A02', 'C11'),
('จองแล้ว', 'S12', 'A03', 'C11'),
('จองแล้ว', 'S12', 'A04', 'C11'),
('จองแล้ว', 'S12', 'A05', 'C11'),
('จองแล้ว', 'S12', 'A06', 'C11'),
('จองแล้ว', 'S12', 'A07', 'C11'),
('จองแล้ว', 'S12', 'A08', 'C11'),
('จองแล้ว', 'S12', 'A09', 'C11'),
('จองแล้ว', 'S12', 'A10', 'C11'),
('จองแล้ว', 'S12', 'A11', 'C11'),
('จองแล้ว', 'S12', 'A12', 'C11'),
('จองแล้ว', 'S12', 'A13', 'C11'),
('จองแล้ว', 'S12', 'A14', 'C11'),
('จองแล้ว', 'S12', 'A15', 'C11'),
('จองแล้ว', 'S12', 'A16', 'C11'),
('จองแล้ว', 'S12', 'A17', 'C11'),
('จองแล้ว', 'S12', 'A18', 'C11'),
('จองแล้ว', 'S12', 'A19', 'C11'),
('จองแล้ว', 'S12', 'A20', 'C11'),
('จองแล้ว', 'S12', 'A21', 'C11'),
('จองแล้ว', 'S12', 'A22', 'C11'),
('จองแล้ว', 'S12', 'A23', 'C11'),
('จองแล้ว', 'S12', 'A24', 'C11'),
('จองแล้ว', 'S12', 'A25', 'C11'),
('จองแล้ว', 'S12', 'B01', 'C11'),
('จองแล้ว', 'S12', 'B02', 'C11'),
('จองแล้ว', 'S12', 'B03', 'C11'),
('จองแล้ว', 'S12', 'B04', 'C11'),
('จองแล้ว', 'S12', 'B05', 'C11'),
('จองแล้ว', 'S12', 'B06', 'C11'),
('จองแล้ว', 'S12', 'B07', 'C11'),
('จองแล้ว', 'S12', 'B08', 'C11'),
('จองแล้ว', 'S12', 'B09', 'C11'),
('จองแล้ว', 'S12', 'B10', 'C11'),
('จองแล้ว', 'S12', 'B11', 'C11'),
('จองแล้ว', 'S12', 'B12', 'C11'),
('จองแล้ว', 'S12', 'B13', 'C11'),
('จองแล้ว', 'S12', 'B14', 'C11'),
('จองแล้ว', 'S12', 'B15', 'C11'),
('จองแล้ว', 'S12', 'B16', 'C11'),
('จองแล้ว', 'S12', 'B17', 'C11'),
('จองแล้ว', 'S12', 'B18', 'C11'),
('จองแล้ว', 'S12', 'B19', 'C11'),
('จองแล้ว', 'S12', 'B20', 'C11'),
('จองแล้ว', 'S12', 'B21', 'C11'),
('จองแล้ว', 'S12', 'B22', 'C11'),
('จองแล้ว', 'S12', 'B23', 'C11'),
('จองแล้ว', 'S12', 'B24', 'C11'),
('จองแล้ว', 'S12', 'B25', 'C11'),
('จองแล้ว', 'S12', 'C01', 'C11'),
('จองแล้ว', 'S12', 'C02', 'C11'),
('จองแล้ว', 'S12', 'C03', 'C11'),
('จองแล้ว', 'S12', 'C04', 'C11'),
('จองแล้ว', 'S12', 'C05', 'C11'),
('จองแล้ว', 'S12', 'C06', 'C11'),
('จองแล้ว', 'S12', 'C07', 'C11'),
('จองแล้ว', 'S12', 'C08', 'C11'),
('จองแล้ว', 'S12', 'C09', 'C11'),
('จองแล้ว', 'S12', 'C10', 'C11'),
('จองแล้ว', 'S12', 'C11', 'C11'),
('จองแล้ว', 'S12', 'C12', 'C11'),
('จองแล้ว', 'S12', 'C13', 'C11'),
('จองแล้ว', 'S12', 'C14', 'C11'),
('จองแล้ว', 'S12', 'C15', 'C11'),
('จองแล้ว', 'S12', 'C16', 'C11'),
('จองแล้ว', 'S12', 'C17', 'C11'),
('จองแล้ว', 'S12', 'C18', 'C11'),
('จองแล้ว', 'S12', 'C19', 'C11'),
('จองแล้ว', 'S12', 'C20', 'C11'),
('จองแล้ว', 'S12', 'C21', 'C11'),
('จองแล้ว', 'S12', 'C22', 'C11'),
('จองแล้ว', 'S12', 'C23', 'C11'),
('จองแล้ว', 'S12', 'C24', 'C11'),
('จองแล้ว', 'S12', 'C25', 'C11'),
('จองแล้ว', 'S12', 'D01', 'C11'),
('จองแล้ว', 'S12', 'D02', 'C11'),
('จองแล้ว', 'S12', 'D03', 'C11'),
('จองแล้ว', 'S12', 'D04', 'C11'),
('จองแล้ว', 'S12', 'D05', 'C11'),
('จองแล้ว', 'S12', 'D06', 'C11'),
('จองแล้ว', 'S12', 'D07', 'C11'),
('จองแล้ว', 'S12', 'D08', 'C11'),
('จองแล้ว', 'S12', 'D09', 'C11'),
('จองแล้ว', 'S12', 'D10', 'C11'),
('จองแล้ว', 'S12', 'D11', 'C11'),
('จองแล้ว', 'S12', 'D12', 'C11'),
('จองแล้ว', 'S12', 'D13', 'C11'),
('จองแล้ว', 'S12', 'D14', 'C11'),
('จองแล้ว', 'S12', 'D15', 'C11'),
('จองแล้ว', 'S12', 'D16', 'C11'),
('จองแล้ว', 'S12', 'D17', 'C11'),
('จองแล้ว', 'S12', 'D18', 'C11'),
('จองแล้ว', 'S12', 'D19', 'C11'),
('จองแล้ว', 'S12', 'D20', 'C11'),
('จองแล้ว', 'S12', 'D21', 'C11'),
('จองแล้ว', 'S12', 'D22', 'C11'),
('จองแล้ว', 'S12', 'D23', 'C11'),
('จองแล้ว', 'S12', 'D24', 'C11'),
('จองแล้ว', 'S12', 'D25', 'C11'),
('จองแล้ว', 'S12', 'E01', 'C11'),
('จองแล้ว', 'S12', 'E02', 'C11'),
('จองแล้ว', 'S12', 'E03', 'C11'),
('จองแล้ว', 'S12', 'E04', 'C11'),
('จองแล้ว', 'S12', 'E05', 'C11'),
('จองแล้ว', 'S12', 'E06', 'C11'),
('จองแล้ว', 'S12', 'E07', 'C11'),
('จองแล้ว', 'S12', 'E08', 'C11'),
('จองแล้ว', 'S12', 'E09', 'C11'),
('จองแล้ว', 'S12', 'E10', 'C11'),
('จองแล้ว', 'S12', 'E11', 'C11'),
('จองแล้ว', 'S12', 'E12', 'C11'),
('จองแล้ว', 'S12', 'E13', 'C11'),
('จองแล้ว', 'S12', 'E14', 'C11'),
('จองแล้ว', 'S12', 'E15', 'C11'),
('จองแล้ว', 'S12', 'E16', 'C11'),
('จองแล้ว', 'S12', 'E17', 'C11'),
('จองแล้ว', 'S12', 'E18', 'C11'),
('จองแล้ว', 'S12', 'E19', 'C11'),
('จองแล้ว', 'S12', 'E20', 'C11'),
('จองแล้ว', 'S12', 'E21', 'C11'),
('จองแล้ว', 'S12', 'E22', 'C11'),
('จองแล้ว', 'S12', 'E23', 'C11'),
('จองแล้ว', 'S12', 'E24', 'C11'),
('จองแล้ว', 'S12', 'E25', 'C11'),
('จองแล้ว', 'S12', 'F01', 'C11'),
('จองแล้ว', 'S12', 'F02', 'C11'),
('จองแล้ว', 'S12', 'F03', 'C11'),
('จองแล้ว', 'S12', 'F04', 'C11'),
('จองแล้ว', 'S12', 'F05', 'C11'),
('จองแล้ว', 'S12', 'F06', 'C11'),
('จองแล้ว', 'S12', 'F07', 'C11'),
('จองแล้ว', 'S12', 'F08', 'C11'),
('จองแล้ว', 'S12', 'F09', 'C11'),
('จองแล้ว', 'S12', 'F10', 'C11'),
('จองแล้ว', 'S12', 'F11', 'C11'),
('จองแล้ว', 'S12', 'F12', 'C11'),
('จองแล้ว', 'S12', 'F13', 'C11'),
('จองแล้ว', 'S12', 'F14', 'C11'),
('จองแล้ว', 'S12', 'F15', 'C11'),
('จองแล้ว', 'S12', 'F16', 'C11'),
('จองแล้ว', 'S12', 'F17', 'C11'),
('จองแล้ว', 'S12', 'F18', 'C11'),
('จองแล้ว', 'S12', 'F19', 'C11'),
('จองแล้ว', 'S12', 'F20', 'C11'),
('จองแล้ว', 'S12', 'F21', 'C11'),
('จองแล้ว', 'S12', 'F22', 'C11'),
('จองแล้ว', 'S12', 'F23', 'C11'),
('จองแล้ว', 'S12', 'F24', 'C11'),
('จองแล้ว', 'S12', 'F25', 'C11'),
('จองแล้ว', 'S12', 'G01', 'C11'),
('จองแล้ว', 'S12', 'G02', 'C11'),
('จองแล้ว', 'S12', 'G03', 'C11'),
('จองแล้ว', 'S12', 'G04', 'C11'),
('จองแล้ว', 'S12', 'G05', 'C11'),
('จองแล้ว', 'S12', 'G06', 'C11'),
('จองแล้ว', 'S12', 'G07', 'C11'),
('จองแล้ว', 'S12', 'G08', 'C11'),
('จองแล้ว', 'S12', 'G09', 'C11'),
('จองแล้ว', 'S12', 'G10', 'C11'),
('จองแล้ว', 'S12', 'G11', 'C11'),
('จองแล้ว', 'S12', 'G12', 'C11'),
('จองแล้ว', 'S12', 'G13', 'C11'),
('จองแล้ว', 'S12', 'G14', 'C11'),
('จองแล้ว', 'S12', 'G15', 'C11'),
('จองแล้ว', 'S12', 'G16', 'C11'),
('จองแล้ว', 'S12', 'G17', 'C11'),
('จองแล้ว', 'S12', 'G18', 'C11'),
('จองแล้ว', 'S12', 'G19', 'C11'),
('จองแล้ว', 'S12', 'G20', 'C11'),
('จองแล้ว', 'S12', 'G21', 'C11'),
('จองแล้ว', 'S12', 'G22', 'C11'),
('จองแล้ว', 'S12', 'G23', 'C11'),
('จองแล้ว', 'S12', 'G24', 'C11'),
('จองแล้ว', 'S12', 'G25', 'C11'),
('จองแล้ว', 'S12', 'H01', 'C11'),
('จองแล้ว', 'S12', 'H02', 'C11'),
('จองแล้ว', 'S12', 'H03', 'C11'),
('จองแล้ว', 'S12', 'H04', 'C11'),
('จองแล้ว', 'S12', 'H05', 'C11'),
('จองแล้ว', 'S12', 'H06', 'C11'),
('จองแล้ว', 'S12', 'H07', 'C11'),
('จองแล้ว', 'S12', 'H08', 'C11'),
('จองแล้ว', 'S12', 'H09', 'C11'),
('จองแล้ว', 'S12', 'H10', 'C11'),
('จองแล้ว', 'S12', 'H11', 'C11'),
('จองแล้ว', 'S12', 'H12', 'C11'),
('จองแล้ว', 'S12', 'H13', 'C11'),
('จองแล้ว', 'S12', 'H14', 'C11'),
('จองแล้ว', 'S12', 'H15', 'C11'),
('จองแล้ว', 'S12', 'H16', 'C11'),
('จองแล้ว', 'S12', 'H17', 'C11'),
('จองแล้ว', 'S12', 'H18', 'C11'),
('จองแล้ว', 'S12', 'H19', 'C11'),
('จองแล้ว', 'S12', 'H20', 'C11'),
('จองแล้ว', 'S12', 'H21', 'C11'),
('จองแล้ว', 'S12', 'H22', 'C11'),
('จองแล้ว', 'S12', 'H23', 'C11'),
('จองแล้ว', 'S12', 'H24', 'C11'),
('จองแล้ว', 'S12', 'H25', 'C11'),
('จองแล้ว', 'S12', 'I01', 'C11'),
('จองแล้ว', 'S12', 'I02', 'C11'),
('จองแล้ว', 'S12', 'I03', 'C11'),
('จองแล้ว', 'S12', 'I04', 'C11'),
('จองแล้ว', 'S12', 'I05', 'C11'),
('จองแล้ว', 'S12', 'I06', 'C11'),
('จองแล้ว', 'S12', 'I07', 'C11'),
('จองแล้ว', 'S12', 'I08', 'C11'),
('จองแล้ว', 'S12', 'I09', 'C11'),
('จองแล้ว', 'S12', 'I10', 'C11'),
('จองแล้ว', 'S12', 'I11', 'C11'),
('จองแล้ว', 'S12', 'I12', 'C11'),
('จองแล้ว', 'S12', 'I13', 'C11'),
('จองแล้ว', 'S12', 'I14', 'C11'),
('จองแล้ว', 'S12', 'I15', 'C11'),
('จองแล้ว', 'S12', 'I16', 'C11'),
('จองแล้ว', 'S12', 'I17', 'C11'),
('จองแล้ว', 'S12', 'I18', 'C11'),
('จองแล้ว', 'S12', 'I19', 'C11'),
('จองแล้ว', 'S12', 'I20', 'C11'),
('จองแล้ว', 'S12', 'I21', 'C11'),
('จองแล้ว', 'S12', 'I22', 'C11'),
('จองแล้ว', 'S12', 'I23', 'C11'),
('จองแล้ว', 'S12', 'I24', 'C11'),
('จองแล้ว', 'S12', 'I25', 'C11'),
('จองแล้ว', 'S12', 'J01', 'C11'),
('จองแล้ว', 'S12', 'J02', 'C11'),
('จองแล้ว', 'S12', 'J03', 'C11'),
('จองแล้ว', 'S12', 'J04', 'C11'),
('จองแล้ว', 'S12', 'J05', 'C11'),
('จองแล้ว', 'S12', 'J06', 'C11'),
('จองแล้ว', 'S12', 'J07', 'C11'),
('จองแล้ว', 'S12', 'J08', 'C11'),
('จองแล้ว', 'S12', 'J09', 'C11'),
('จองแล้ว', 'S12', 'J10', 'C11'),
('จองแล้ว', 'S12', 'J11', 'C11'),
('จองแล้ว', 'S12', 'J12', 'C11'),
('จองแล้ว', 'S12', 'J13', 'C11'),
('จองแล้ว', 'S12', 'J14', 'C11'),
('จองแล้ว', 'S12', 'J15', 'C11'),
('จองแล้ว', 'S12', 'J16', 'C11'),
('จองแล้ว', 'S12', 'J17', 'C11'),
('จองแล้ว', 'S12', 'J18', 'C11'),
('จองแล้ว', 'S12', 'J19', 'C11'),
('จองแล้ว', 'S12', 'J20', 'C11'),
('จองแล้ว', 'S12', 'J21', 'C11'),
('จองแล้ว', 'S12', 'J22', 'C11'),
('จองแล้ว', 'S12', 'J23', 'C11'),
('จองแล้ว', 'S12', 'J24', 'C11'),
('จองแล้ว', 'S12', 'J25', 'C11'),
('จองแล้ว', 'S12', 'K01', 'C11'),
('จองแล้ว', 'S12', 'K02', 'C11'),
('จองแล้ว', 'S12', 'K03', 'C11'),
('จองแล้ว', 'S12', 'K04', 'C11'),
('จองแล้ว', 'S12', 'K05', 'C11'),
('จองแล้ว', 'S12', 'K06', 'C11'),
('จองแล้ว', 'S12', 'K07', 'C11'),
('จองแล้ว', 'S12', 'K08', 'C11'),
('จองแล้ว', 'S12', 'K09', 'C11'),
('จองแล้ว', 'S12', 'K10', 'C11'),
('จองแล้ว', 'S12', 'K11', 'C11'),
('จองแล้ว', 'S12', 'K12', 'C11'),
('จองแล้ว', 'S12', 'K13', 'C11'),
('จองแล้ว', 'S12', 'K14', 'C11'),
('จองแล้ว', 'S12', 'K15', 'C11'),
('จองแล้ว', 'S12', 'K16', 'C11'),
('จองแล้ว', 'S12', 'K17', 'C11'),
('จองแล้ว', 'S12', 'K18', 'C11'),
('จองแล้ว', 'S12', 'K19', 'C11'),
('จองแล้ว', 'S12', 'K20', 'C11'),
('จองแล้ว', 'S12', 'K21', 'C11'),
('จองแล้ว', 'S12', 'K22', 'C11'),
('จองแล้ว', 'S12', 'K23', 'C11'),
('จองแล้ว', 'S12', 'K24', 'C11'),
('จองแล้ว', 'S12', 'K25', 'C11'),
('จองแล้ว', 'S12', 'L01', 'C11'),
('จองแล้ว', 'S12', 'L02', 'C11'),
('จองแล้ว', 'S12', 'L03', 'C11'),
('จองแล้ว', 'S12', 'L04', 'C11'),
('จองแล้ว', 'S12', 'L05', 'C11'),
('จองแล้ว', 'S12', 'L06', 'C11'),
('จองแล้ว', 'S12', 'L07', 'C11'),
('จองแล้ว', 'S12', 'L08', 'C11'),
('จองแล้ว', 'S12', 'L09', 'C11'),
('จองแล้ว', 'S12', 'L10', 'C11'),
('จองแล้ว', 'S12', 'L11', 'C11'),
('จองแล้ว', 'S12', 'L12', 'C11'),
('จองแล้ว', 'S12', 'L13', 'C11'),
('จองแล้ว', 'S12', 'L14', 'C11'),
('จองแล้ว', 'S12', 'L15', 'C11'),
('จองแล้ว', 'S12', 'L16', 'C11'),
('จองแล้ว', 'S12', 'L17', 'C11'),
('จองแล้ว', 'S12', 'L18', 'C11'),
('จองแล้ว', 'S12', 'L19', 'C11'),
('จองแล้ว', 'S12', 'L20', 'C11'),
('จองแล้ว', 'S12', 'L21', 'C11'),
('จองแล้ว', 'S12', 'L22', 'C11'),
('จองแล้ว', 'S12', 'L23', 'C11'),
('จองแล้ว', 'S12', 'L24', 'C11'),
('จองแล้ว', 'S12', 'L25', 'C11'),
('จองแล้ว', 'S12', 'M01', 'C11'),
('จองแล้ว', 'S12', 'M02', 'C11'),
('จองแล้ว', 'S12', 'M03', 'C11'),
('จองแล้ว', 'S12', 'M04', 'C11'),
('จองแล้ว', 'S12', 'M05', 'C11'),
('จองแล้ว', 'S12', 'M06', 'C11'),
('จองแล้ว', 'S12', 'M07', 'C11'),
('จองแล้ว', 'S12', 'M08', 'C11'),
('จองแล้ว', 'S12', 'M09', 'C11'),
('จองแล้ว', 'S12', 'M10', 'C11'),
('จองแล้ว', 'S12', 'M11', 'C11'),
('จองแล้ว', 'S12', 'M12', 'C11'),
('จองแล้ว', 'S12', 'M13', 'C11'),
('จองแล้ว', 'S12', 'M14', 'C11'),
('จองแล้ว', 'S12', 'M15', 'C11'),
('จองแล้ว', 'S12', 'M16', 'C11'),
('จองแล้ว', 'S12', 'M17', 'C11'),
('จองแล้ว', 'S12', 'M18', 'C11'),
('จองแล้ว', 'S12', 'M19', 'C11'),
('จองแล้ว', 'S12', 'M20', 'C11'),
('จองแล้ว', 'S12', 'M21', 'C11'),
('จองแล้ว', 'S12', 'M22', 'C11'),
('จองแล้ว', 'S12', 'M23', 'C11'),
('จองแล้ว', 'S12', 'M24', 'C11'),
('จองแล้ว', 'S12', 'M25', 'C11'),
('จองแล้ว', 'S12', 'N01', 'C11'),
('จองแล้ว', 'S12', 'N02', 'C11'),
('จองแล้ว', 'S12', 'N03', 'C11'),
('จองแล้ว', 'S12', 'N04', 'C11'),
('จองแล้ว', 'S12', 'N05', 'C11'),
('จองแล้ว', 'S12', 'N06', 'C11'),
('จองแล้ว', 'S12', 'N07', 'C11'),
('จองแล้ว', 'S12', 'N08', 'C11'),
('จองแล้ว', 'S12', 'N09', 'C11'),
('จองแล้ว', 'S12', 'N10', 'C11'),
('จองแล้ว', 'S12', 'N11', 'C11'),
('จองแล้ว', 'S12', 'N12', 'C11'),
('จองแล้ว', 'S12', 'N13', 'C11'),
('จองแล้ว', 'S12', 'N14', 'C11'),
('จองแล้ว', 'S12', 'N15', 'C11'),
('จองแล้ว', 'S12', 'N16', 'C11'),
('จองแล้ว', 'S12', 'N17', 'C11'),
('จองแล้ว', 'S12', 'N18', 'C11'),
('จองแล้ว', 'S12', 'N19', 'C11'),
('จองแล้ว', 'S12', 'N20', 'C11'),
('จองแล้ว', 'S12', 'N21', 'C11'),
('จองแล้ว', 'S12', 'N22', 'C11'),
('จองแล้ว', 'S12', 'N23', 'C11'),
('จองแล้ว', 'S12', 'N24', 'C11'),
('จองแล้ว', 'S12', 'N25', 'C11'),
('จองแล้ว', 'S12', 'O01', 'C11'),
('จองแล้ว', 'S12', 'O02', 'C11'),
('จองแล้ว', 'S12', 'O03', 'C11'),
('จองแล้ว', 'S12', 'O04', 'C11'),
('จองแล้ว', 'S12', 'O05', 'C11'),
('จองแล้ว', 'S12', 'O06', 'C11'),
('จองแล้ว', 'S12', 'O07', 'C11'),
('จองแล้ว', 'S12', 'O08', 'C11'),
('จองแล้ว', 'S12', 'O09', 'C11'),
('จองแล้ว', 'S12', 'O10', 'C11'),
('จองแล้ว', 'S12', 'O11', 'C11'),
('จองแล้ว', 'S12', 'O12', 'C11'),
('จองแล้ว', 'S12', 'O13', 'C11'),
('จองแล้ว', 'S12', 'O14', 'C11'),
('จองแล้ว', 'S12', 'O15', 'C11'),
('จองแล้ว', 'S12', 'O16', 'C11'),
('จองแล้ว', 'S12', 'O17', 'C11'),
('จองแล้ว', 'S12', 'O18', 'C11'),
('จองแล้ว', 'S12', 'O19', 'C11'),
('จองแล้ว', 'S12', 'O20', 'C11'),
('จองแล้ว', 'S12', 'O21', 'C11'),
('จองแล้ว', 'S12', 'O22', 'C11'),
('จองแล้ว', 'S12', 'O23', 'C11'),
('จองแล้ว', 'S12', 'O24', 'C11'),
('จองแล้ว', 'S12', 'O25', 'C11'),
('จองแล้ว', 'S12', 'P01', 'C11'),
('จองแล้ว', 'S12', 'P02', 'C11'),
('จองแล้ว', 'S12', 'P03', 'C11'),
('จองแล้ว', 'S12', 'P04', 'C11'),
('จองแล้ว', 'S12', 'P05', 'C11'),
('จองแล้ว', 'S12', 'P06', 'C11'),
('จองแล้ว', 'S12', 'P07', 'C11'),
('จองแล้ว', 'S12', 'P08', 'C11'),
('จองแล้ว', 'S12', 'P09', 'C11'),
('จองแล้ว', 'S12', 'P10', 'C11'),
('จองแล้ว', 'S12', 'P11', 'C11'),
('จองแล้ว', 'S12', 'P12', 'C11'),
('จองแล้ว', 'S12', 'P13', 'C11'),
('จองแล้ว', 'S12', 'P14', 'C11'),
('จองแล้ว', 'S12', 'P15', 'C11'),
('จองแล้ว', 'S12', 'P16', 'C11'),
('จองแล้ว', 'S12', 'P17', 'C11'),
('จองแล้ว', 'S12', 'P18', 'C11'),
('จองแล้ว', 'S12', 'P19', 'C11'),
('จองแล้ว', 'S12', 'P20', 'C11'),
('จองแล้ว', 'S12', 'P21', 'C11'),
('จองแล้ว', 'S12', 'P22', 'C11'),
('จองแล้ว', 'S12', 'P23', 'C11'),
('จองแล้ว', 'S12', 'P24', 'C11'),
('จองแล้ว', 'S12', 'P25', 'C11'),
('จองแล้ว', 'S12', 'Q01', 'C11'),
('จองแล้ว', 'S12', 'Q02', 'C11'),
('จองแล้ว', 'S12', 'Q03', 'C11'),
('จองแล้ว', 'S12', 'Q04', 'C11'),
('จองแล้ว', 'S12', 'Q05', 'C11'),
('จองแล้ว', 'S12', 'Q06', 'C11'),
('จองแล้ว', 'S12', 'Q07', 'C11'),
('จองแล้ว', 'S12', 'Q08', 'C11'),
('จองแล้ว', 'S12', 'Q09', 'C11'),
('จองแล้ว', 'S12', 'Q10', 'C11'),
('จองแล้ว', 'S12', 'Q11', 'C11'),
('จองแล้ว', 'S12', 'Q12', 'C11'),
('จองแล้ว', 'S12', 'Q13', 'C11'),
('จองแล้ว', 'S12', 'Q14', 'C11'),
('จองแล้ว', 'S12', 'Q15', 'C11'),
('จองแล้ว', 'S12', 'Q16', 'C11'),
('จองแล้ว', 'S12', 'Q17', 'C11'),
('จองแล้ว', 'S12', 'Q18', 'C11'),
('จองแล้ว', 'S12', 'Q19', 'C11'),
('จองแล้ว', 'S12', 'Q20', 'C11'),
('จองแล้ว', 'S12', 'Q21', 'C11'),
('จองแล้ว', 'S12', 'Q22', 'C11'),
('จองแล้ว', 'S12', 'Q23', 'C11'),
('จองแล้ว', 'S12', 'Q24', 'C11'),
('จองแล้ว', 'S12', 'Q25', 'C11'),
('จองแล้ว', 'S12', 'R01', 'C11'),
('จองแล้ว', 'S12', 'R02', 'C11'),
('จองแล้ว', 'S12', 'R03', 'C11'),
('จองแล้ว', 'S12', 'R04', 'C11'),
('จองแล้ว', 'S12', 'R05', 'C11'),
('จองแล้ว', 'S12', 'R06', 'C11'),
('จองแล้ว', 'S12', 'R07', 'C11'),
('จองแล้ว', 'S12', 'R08', 'C11'),
('จองแล้ว', 'S12', 'R09', 'C11'),
('จองแล้ว', 'S12', 'R10', 'C11'),
('จองแล้ว', 'S12', 'R11', 'C11'),
('จองแล้ว', 'S12', 'R12', 'C11'),
('จองแล้ว', 'S12', 'R13', 'C11'),
('จองแล้ว', 'S12', 'R14', 'C11'),
('จองแล้ว', 'S12', 'R15', 'C11'),
('จองแล้ว', 'S12', 'R16', 'C11'),
('จองแล้ว', 'S12', 'R17', 'C11'),
('จองแล้ว', 'S12', 'R18', 'C11'),
('จองแล้ว', 'S12', 'R19', 'C11'),
('จองแล้ว', 'S12', 'R20', 'C11'),
('จองแล้ว', 'S12', 'R21', 'C11'),
('จองแล้ว', 'S12', 'R22', 'C11'),
('จองแล้ว', 'S12', 'R23', 'C11'),
('จองแล้ว', 'S12', 'R24', 'C11'),
('จองแล้ว', 'S12', 'R25', 'C11'),
('จองแล้ว', 'S12', 'S01', 'C11'),
('จองแล้ว', 'S12', 'S02', 'C11'),
('จองแล้ว', 'S12', 'S03', 'C11'),
('จองแล้ว', 'S12', 'S04', 'C11'),
('จองแล้ว', 'S12', 'S05', 'C11'),
('จองแล้ว', 'S12', 'S06', 'C11'),
('จองแล้ว', 'S12', 'S07', 'C11'),
('จองแล้ว', 'S12', 'S08', 'C11'),
('จองแล้ว', 'S12', 'S09', 'C11'),
('จองแล้ว', 'S12', 'S10', 'C11'),
('จองแล้ว', 'S12', 'S11', 'C11'),
('จองแล้ว', 'S12', 'S12', 'C11'),
('จองแล้ว', 'S12', 'S13', 'C11'),
('จองแล้ว', 'S12', 'S14', 'C11'),
('จองแล้ว', 'S12', 'S15', 'C11'),
('จองแล้ว', 'S12', 'S16', 'C11'),
('จองแล้ว', 'S12', 'S17', 'C11'),
('จองแล้ว', 'S12', 'S18', 'C11'),
('จองแล้ว', 'S12', 'S19', 'C11'),
('จองแล้ว', 'S12', 'S20', 'C11'),
('จองแล้ว', 'S12', 'S21', 'C11'),
('จองแล้ว', 'S12', 'S22', 'C11'),
('จองแล้ว', 'S12', 'S23', 'C11'),
('จองแล้ว', 'S12', 'S24', 'C11'),
('จองแล้ว', 'S12', 'S25', 'C11'),
('จองแล้ว', 'S12', 'T01', 'C11'),
('จองแล้ว', 'S12', 'T02', 'C11'),
('จองแล้ว', 'S12', 'T03', 'C11'),
('จองแล้ว', 'S12', 'T04', 'C11'),
('จองแล้ว', 'S12', 'T05', 'C11'),
('จองแล้ว', 'S12', 'T06', 'C11'),
('จองแล้ว', 'S12', 'T07', 'C11'),
('จองแล้ว', 'S12', 'T08', 'C11'),
('จองแล้ว', 'S12', 'T09', 'C11'),
('จองแล้ว', 'S12', 'T10', 'C11'),
('จองแล้ว', 'S12', 'T11', 'C11'),
('จองแล้ว', 'S12', 'T12', 'C11'),
('จองแล้ว', 'S12', 'T13', 'C11'),
('จองแล้ว', 'S12', 'T14', 'C11'),
('จองแล้ว', 'S12', 'T15', 'C11'),
('จองแล้ว', 'S12', 'T16', 'C11'),
('จองแล้ว', 'S12', 'T17', 'C11'),
('จองแล้ว', 'S12', 'T18', 'C11'),
('จองแล้ว', 'S12', 'T19', 'C11'),
('จองแล้ว', 'S12', 'T20', 'C11'),
('จองแล้ว', 'S12', 'T21', 'C11'),
('จองแล้ว', 'S12', 'T22', 'C11'),
('จองแล้ว', 'S12', 'T23', 'C11'),
('จองแล้ว', 'S12', 'T24', 'C11'),
('จองแล้ว', 'S12', 'T25', 'C11'),
('จองแล้ว', 'S13', 'A01', 'C11'),
('จองแล้ว', 'S13', 'A02', 'C11'),
('จองแล้ว', 'S13', 'A03', 'C11'),
('จองแล้ว', 'S13', 'A04', 'C11'),
('จองแล้ว', 'S13', 'A05', 'C11'),
('จองแล้ว', 'S13', 'A06', 'C11'),
('จองแล้ว', 'S13', 'A07', 'C11'),
('จองแล้ว', 'S13', 'A08', 'C11'),
('จองแล้ว', 'S13', 'A09', 'C11'),
('จองแล้ว', 'S13', 'A10', 'C11'),
('จองแล้ว', 'S13', 'A11', 'C11'),
('จองแล้ว', 'S13', 'A12', 'C11'),
('จองแล้ว', 'S13', 'A13', 'C11'),
('จองแล้ว', 'S13', 'A14', 'C11'),
('จองแล้ว', 'S13', 'A15', 'C11'),
('จองแล้ว', 'S13', 'A16', 'C11'),
('จองแล้ว', 'S13', 'A17', 'C11'),
('จองแล้ว', 'S13', 'A18', 'C11'),
('จองแล้ว', 'S13', 'A19', 'C11'),
('จองแล้ว', 'S13', 'A20', 'C11'),
('จองแล้ว', 'S13', 'A21', 'C11'),
('จองแล้ว', 'S13', 'A22', 'C11'),
('จองแล้ว', 'S13', 'A23', 'C11'),
('จองแล้ว', 'S13', 'A24', 'C11'),
('จองแล้ว', 'S13', 'A25', 'C11'),
('จองแล้ว', 'S13', 'B01', 'C11'),
('จองแล้ว', 'S13', 'B02', 'C11'),
('จองแล้ว', 'S13', 'B03', 'C11'),
('จองแล้ว', 'S13', 'B04', 'C11'),
('จองแล้ว', 'S13', 'B05', 'C11'),
('จองแล้ว', 'S13', 'B06', 'C11'),
('จองแล้ว', 'S13', 'B07', 'C11'),
('จองแล้ว', 'S13', 'B08', 'C11'),
('จองแล้ว', 'S13', 'B09', 'C11'),
('จองแล้ว', 'S13', 'B10', 'C11'),
('จองแล้ว', 'S13', 'B11', 'C11'),
('จองแล้ว', 'S13', 'B12', 'C11'),
('จองแล้ว', 'S13', 'B13', 'C11'),
('จองแล้ว', 'S13', 'B14', 'C11'),
('จองแล้ว', 'S13', 'B15', 'C11'),
('จองแล้ว', 'S13', 'B16', 'C11'),
('จองแล้ว', 'S13', 'B17', 'C11'),
('จองแล้ว', 'S13', 'B18', 'C11'),
('จองแล้ว', 'S13', 'B19', 'C11'),
('จองแล้ว', 'S13', 'B20', 'C11'),
('จองแล้ว', 'S13', 'B21', 'C11'),
('จองแล้ว', 'S13', 'B22', 'C11'),
('จองแล้ว', 'S13', 'B23', 'C11'),
('จองแล้ว', 'S13', 'B24', 'C11'),
('จองแล้ว', 'S13', 'B25', 'C11'),
('จองแล้ว', 'S13', 'C01', 'C11'),
('จองแล้ว', 'S13', 'C02', 'C11'),
('จองแล้ว', 'S13', 'C03', 'C11'),
('จองแล้ว', 'S13', 'C04', 'C11'),
('จองแล้ว', 'S13', 'C05', 'C11'),
('จองแล้ว', 'S13', 'C06', 'C11'),
('จองแล้ว', 'S13', 'C07', 'C11'),
('จองแล้ว', 'S13', 'C08', 'C11'),
('จองแล้ว', 'S13', 'C09', 'C11'),
('จองแล้ว', 'S13', 'C10', 'C11'),
('จองแล้ว', 'S13', 'C11', 'C11'),
('จองแล้ว', 'S13', 'C12', 'C11'),
('จองแล้ว', 'S13', 'C13', 'C11'),
('จองแล้ว', 'S13', 'C14', 'C11'),
('จองแล้ว', 'S13', 'C15', 'C11'),
('จองแล้ว', 'S13', 'C16', 'C11'),
('จองแล้ว', 'S13', 'C17', 'C11'),
('จองแล้ว', 'S13', 'C18', 'C11'),
('จองแล้ว', 'S13', 'C19', 'C11'),
('จองแล้ว', 'S13', 'C20', 'C11'),
('จองแล้ว', 'S13', 'C21', 'C11'),
('จองแล้ว', 'S13', 'C22', 'C11'),
('จองแล้ว', 'S13', 'C23', 'C11'),
('จองแล้ว', 'S13', 'C24', 'C11'),
('จองแล้ว', 'S13', 'C25', 'C11'),
('จองแล้ว', 'S13', 'D01', 'C11'),
('จองแล้ว', 'S13', 'D02', 'C11'),
('จองแล้ว', 'S13', 'D03', 'C11'),
('จองแล้ว', 'S13', 'D04', 'C11'),
('จองแล้ว', 'S13', 'D05', 'C11'),
('จองแล้ว', 'S13', 'D06', 'C11'),
('จองแล้ว', 'S13', 'D07', 'C11'),
('จองแล้ว', 'S13', 'D08', 'C11'),
('จองแล้ว', 'S13', 'D09', 'C11'),
('จองแล้ว', 'S13', 'D10', 'C11'),
('จองแล้ว', 'S13', 'D11', 'C11'),
('จองแล้ว', 'S13', 'D12', 'C11'),
('จองแล้ว', 'S13', 'D13', 'C11'),
('จองแล้ว', 'S13', 'D14', 'C11'),
('จองแล้ว', 'S13', 'D15', 'C11'),
('จองแล้ว', 'S13', 'D16', 'C11'),
('จองแล้ว', 'S13', 'D17', 'C11'),
('จองแล้ว', 'S13', 'D18', 'C11'),
('จองแล้ว', 'S13', 'D19', 'C11'),
('จองแล้ว', 'S13', 'D20', 'C11'),
('จองแล้ว', 'S13', 'D21', 'C11'),
('จองแล้ว', 'S13', 'D22', 'C11'),
('จองแล้ว', 'S13', 'D23', 'C11'),
('จองแล้ว', 'S13', 'D24', 'C11'),
('จองแล้ว', 'S13', 'D25', 'C11'),
('จองแล้ว', 'S13', 'E01', 'C11'),
('จองแล้ว', 'S13', 'E02', 'C11'),
('จองแล้ว', 'S13', 'E03', 'C11'),
('จองแล้ว', 'S13', 'E04', 'C11'),
('จองแล้ว', 'S13', 'E05', 'C11'),
('จองแล้ว', 'S13', 'E06', 'C11'),
('จองแล้ว', 'S13', 'E07', 'C11'),
('จองแล้ว', 'S13', 'E08', 'C11'),
('จองแล้ว', 'S13', 'E09', 'C11'),
('จองแล้ว', 'S13', 'E10', 'C11'),
('จองแล้ว', 'S13', 'E11', 'C11'),
('จองแล้ว', 'S13', 'E12', 'C11'),
('จองแล้ว', 'S13', 'E13', 'C11'),
('จองแล้ว', 'S13', 'E14', 'C11'),
('จองแล้ว', 'S13', 'E15', 'C11'),
('จองแล้ว', 'S13', 'E16', 'C11'),
('จองแล้ว', 'S13', 'E17', 'C11'),
('จองแล้ว', 'S13', 'E18', 'C11'),
('จองแล้ว', 'S13', 'E19', 'C11'),
('จองแล้ว', 'S13', 'E20', 'C11'),
('จองแล้ว', 'S13', 'E21', 'C11'),
('จองแล้ว', 'S13', 'E22', 'C11'),
('จองแล้ว', 'S13', 'E23', 'C11'),
('จองแล้ว', 'S13', 'E24', 'C11'),
('จองแล้ว', 'S13', 'E25', 'C11'),
('จองแล้ว', 'S13', 'F01', 'C11'),
('จองแล้ว', 'S13', 'F02', 'C11'),
('จองแล้ว', 'S13', 'F03', 'C11'),
('จองแล้ว', 'S13', 'F04', 'C11'),
('จองแล้ว', 'S13', 'F05', 'C11'),
('จองแล้ว', 'S13', 'F06', 'C11'),
('จองแล้ว', 'S13', 'F07', 'C11'),
('จองแล้ว', 'S13', 'F08', 'C11'),
('จองแล้ว', 'S13', 'F09', 'C11'),
('จองแล้ว', 'S13', 'F10', 'C11'),
('จองแล้ว', 'S13', 'F11', 'C11'),
('จองแล้ว', 'S13', 'F12', 'C11'),
('จองแล้ว', 'S13', 'F13', 'C11'),
('จองแล้ว', 'S13', 'F14', 'C11'),
('จองแล้ว', 'S13', 'F15', 'C11'),
('จองแล้ว', 'S13', 'F16', 'C11'),
('จองแล้ว', 'S13', 'F17', 'C11'),
('จองแล้ว', 'S13', 'F18', 'C11'),
('จองแล้ว', 'S13', 'F19', 'C11'),
('จองแล้ว', 'S13', 'F20', 'C11'),
('จองแล้ว', 'S13', 'F21', 'C11'),
('จองแล้ว', 'S13', 'F22', 'C11'),
('จองแล้ว', 'S13', 'F23', 'C11'),
('จองแล้ว', 'S13', 'F24', 'C11'),
('จองแล้ว', 'S13', 'F25', 'C11'),
('จองแล้ว', 'S13', 'G01', 'C11'),
('จองแล้ว', 'S13', 'G02', 'C11'),
('จองแล้ว', 'S13', 'G03', 'C11'),
('จองแล้ว', 'S13', 'G04', 'C11'),
('จองแล้ว', 'S13', 'G05', 'C11'),
('จองแล้ว', 'S13', 'G06', 'C11'),
('จองแล้ว', 'S13', 'G07', 'C11'),
('จองแล้ว', 'S13', 'G08', 'C11'),
('จองแล้ว', 'S13', 'G09', 'C11'),
('จองแล้ว', 'S13', 'G10', 'C11'),
('จองแล้ว', 'S13', 'G11', 'C11'),
('จองแล้ว', 'S13', 'G12', 'C11'),
('จองแล้ว', 'S13', 'G13', 'C11'),
('จองแล้ว', 'S13', 'G14', 'C11'),
('จองแล้ว', 'S13', 'G15', 'C11'),
('จองแล้ว', 'S13', 'G16', 'C11'),
('จองแล้ว', 'S13', 'G17', 'C11'),
('จองแล้ว', 'S13', 'G18', 'C11'),
('จองแล้ว', 'S13', 'G19', 'C11'),
('จองแล้ว', 'S13', 'G20', 'C11'),
('จองแล้ว', 'S13', 'G21', 'C11'),
('จองแล้ว', 'S13', 'G22', 'C11'),
('จองแล้ว', 'S13', 'G23', 'C11'),
('จองแล้ว', 'S13', 'G24', 'C11'),
('จองแล้ว', 'S13', 'G25', 'C11'),
('จองแล้ว', 'S13', 'H01', 'C11'),
('จองแล้ว', 'S13', 'H02', 'C11'),
('จองแล้ว', 'S13', 'H03', 'C11'),
('จองแล้ว', 'S13', 'H04', 'C11'),
('จองแล้ว', 'S13', 'H05', 'C11'),
('จองแล้ว', 'S13', 'H06', 'C11'),
('จองแล้ว', 'S13', 'H07', 'C11'),
('จองแล้ว', 'S13', 'H08', 'C11'),
('จองแล้ว', 'S13', 'H09', 'C11'),
('จองแล้ว', 'S13', 'H10', 'C11'),
('จองแล้ว', 'S13', 'H11', 'C11'),
('จองแล้ว', 'S13', 'H12', 'C11'),
('จองแล้ว', 'S13', 'H13', 'C11'),
('จองแล้ว', 'S13', 'H14', 'C11'),
('จองแล้ว', 'S13', 'H15', 'C11'),
('จองแล้ว', 'S13', 'H16', 'C11'),
('จองแล้ว', 'S13', 'H17', 'C11'),
('จองแล้ว', 'S13', 'H18', 'C11'),
('จองแล้ว', 'S13', 'H19', 'C11'),
('จองแล้ว', 'S13', 'H20', 'C11'),
('จองแล้ว', 'S13', 'H21', 'C11'),
('จองแล้ว', 'S13', 'H22', 'C11'),
('จองแล้ว', 'S13', 'H23', 'C11'),
('จองแล้ว', 'S13', 'H24', 'C11'),
('จองแล้ว', 'S13', 'H25', 'C11'),
('จองแล้ว', 'S13', 'I01', 'C11'),
('จองแล้ว', 'S13', 'I02', 'C11'),
('จองแล้ว', 'S13', 'I03', 'C11'),
('จองแล้ว', 'S13', 'I04', 'C11'),
('จองแล้ว', 'S13', 'I05', 'C11'),
('จองแล้ว', 'S13', 'I06', 'C11'),
('จองแล้ว', 'S13', 'I07', 'C11'),
('จองแล้ว', 'S13', 'I08', 'C11'),
('จองแล้ว', 'S13', 'I09', 'C11'),
('จองแล้ว', 'S13', 'I10', 'C11'),
('จองแล้ว', 'S13', 'I11', 'C11'),
('จองแล้ว', 'S13', 'I12', 'C11'),
('จองแล้ว', 'S13', 'I13', 'C11'),
('จองแล้ว', 'S13', 'I14', 'C11'),
('จองแล้ว', 'S13', 'I15', 'C11'),
('จองแล้ว', 'S13', 'I16', 'C11'),
('จองแล้ว', 'S13', 'I17', 'C11'),
('จองแล้ว', 'S13', 'I18', 'C11'),
('จองแล้ว', 'S13', 'I19', 'C11'),
('จองแล้ว', 'S13', 'I20', 'C11'),
('จองแล้ว', 'S13', 'I21', 'C11'),
('จองแล้ว', 'S13', 'I22', 'C11'),
('จองแล้ว', 'S13', 'I23', 'C11'),
('จองแล้ว', 'S13', 'I24', 'C11'),
('จองแล้ว', 'S13', 'I25', 'C11'),
('จองแล้ว', 'S13', 'J01', 'C11'),
('จองแล้ว', 'S13', 'J02', 'C11'),
('จองแล้ว', 'S13', 'J03', 'C11'),
('จองแล้ว', 'S13', 'J04', 'C11'),
('จองแล้ว', 'S13', 'J05', 'C11'),
('จองแล้ว', 'S13', 'J06', 'C11'),
('จองแล้ว', 'S13', 'J07', 'C11'),
('จองแล้ว', 'S13', 'J08', 'C11'),
('จองแล้ว', 'S13', 'J09', 'C11'),
('จองแล้ว', 'S13', 'J10', 'C11'),
('จองแล้ว', 'S13', 'J11', 'C11'),
('จองแล้ว', 'S13', 'J12', 'C11'),
('จองแล้ว', 'S13', 'J13', 'C11'),
('จองแล้ว', 'S13', 'J14', 'C11'),
('จองแล้ว', 'S13', 'J15', 'C11'),
('จองแล้ว', 'S13', 'J16', 'C11'),
('จองแล้ว', 'S13', 'J17', 'C11'),
('จองแล้ว', 'S13', 'J18', 'C11'),
('จองแล้ว', 'S13', 'J19', 'C11'),
('จองแล้ว', 'S13', 'J20', 'C11'),
('จองแล้ว', 'S13', 'J21', 'C11'),
('จองแล้ว', 'S13', 'J22', 'C11'),
('จองแล้ว', 'S13', 'J23', 'C11'),
('จองแล้ว', 'S13', 'J24', 'C11'),
('จองแล้ว', 'S13', 'J25', 'C11'),
('จองแล้ว', 'S13', 'K01', 'C11'),
('จองแล้ว', 'S13', 'K02', 'C11'),
('จองแล้ว', 'S13', 'K03', 'C11'),
('จองแล้ว', 'S13', 'K04', 'C11'),
('จองแล้ว', 'S13', 'K05', 'C11'),
('จองแล้ว', 'S13', 'K06', 'C11'),
('จองแล้ว', 'S13', 'K07', 'C11'),
('จองแล้ว', 'S13', 'K08', 'C11'),
('จองแล้ว', 'S13', 'K09', 'C11'),
('จองแล้ว', 'S13', 'K10', 'C11'),
('จองแล้ว', 'S13', 'K11', 'C11'),
('จองแล้ว', 'S13', 'K12', 'C11'),
('จองแล้ว', 'S13', 'K13', 'C11'),
('จองแล้ว', 'S13', 'K14', 'C11'),
('จองแล้ว', 'S13', 'K15', 'C11'),
('จองแล้ว', 'S13', 'K16', 'C11'),
('จองแล้ว', 'S13', 'K17', 'C11'),
('จองแล้ว', 'S13', 'K18', 'C11'),
('จองแล้ว', 'S13', 'K19', 'C11'),
('จองแล้ว', 'S13', 'K20', 'C11'),
('จองแล้ว', 'S13', 'K21', 'C11'),
('จองแล้ว', 'S13', 'K22', 'C11'),
('จองแล้ว', 'S13', 'K23', 'C11'),
('จองแล้ว', 'S13', 'K24', 'C11'),
('จองแล้ว', 'S13', 'K25', 'C11'),
('จองแล้ว', 'S13', 'L01', 'C11'),
('จองแล้ว', 'S13', 'L02', 'C11'),
('จองแล้ว', 'S13', 'L03', 'C11'),
('จองแล้ว', 'S13', 'L04', 'C11'),
('จองแล้ว', 'S13', 'L05', 'C11'),
('จองแล้ว', 'S13', 'L06', 'C11'),
('จองแล้ว', 'S13', 'L07', 'C11'),
('จองแล้ว', 'S13', 'L08', 'C11'),
('จองแล้ว', 'S13', 'L09', 'C11'),
('จองแล้ว', 'S13', 'L10', 'C11'),
('จองแล้ว', 'S13', 'L11', 'C11'),
('จองแล้ว', 'S13', 'L12', 'C11'),
('จองแล้ว', 'S13', 'L13', 'C11'),
('จองแล้ว', 'S13', 'L14', 'C11'),
('จองแล้ว', 'S13', 'L15', 'C11'),
('จองแล้ว', 'S13', 'L16', 'C11'),
('จองแล้ว', 'S13', 'L17', 'C11'),
('จองแล้ว', 'S13', 'L18', 'C11'),
('จองแล้ว', 'S13', 'L19', 'C11'),
('จองแล้ว', 'S13', 'L20', 'C11'),
('จองแล้ว', 'S13', 'L21', 'C11'),
('จองแล้ว', 'S13', 'L22', 'C11'),
('จองแล้ว', 'S13', 'L23', 'C11'),
('จองแล้ว', 'S13', 'L24', 'C11'),
('จองแล้ว', 'S13', 'L25', 'C11');

-- --------------------------------------------------------

--
-- Table structure for table `status`
--

CREATE TABLE `status` (
  `Status_id` varchar(4) NOT NULL,
  `Status_Name` varchar(70) NOT NULL,
  `Admin_id` varchar(3) DEFAULT NULL
) ENGINE=InnoDB DEFAULT CHARSET=utf8mb4 COLLATE=utf8mb4_general_ci;

--
-- Dumping data for table `status`
--

INSERT INTO `status` (`Status_id`, `Status_Name`, `Admin_id`) VALUES
('S001', 'ยืนยันคำสั่งซื้อรอการชำระเงิน', 'A01'),
('S002', 'ชำระเงินสำเร็จรอการตรวจสอบ', 'A01'),
('S003', 'ชำระเงินเสร็จสมบูรณ์', 'A01'),
('S004', 'ยกเลิกคำสั่งซื้อเนื่องจากไม่ชำระเงินตามกำหนด ยกเลิกโดยระบบ', 'A01'),
('S005', 'ยกเลิกคำสั่งซื้อเนื่องจากชำระเงินไม่ถูกต้อง ยกเลิกโดยผู้ดูแลระบบ', 'A01');

--
-- Indexes for dumped tables
--

--
-- Indexes for table `admin`
--
ALTER TABLE `admin`
  ADD PRIMARY KEY (`Admin_id`);

--
-- Indexes for table `concert`
--
ALTER TABLE `concert`
  ADD PRIMARY KEY (`Concert_id`),
  ADD KEY `concert_ibfk_1` (`Admin_id`);

--
-- Indexes for table `member`
--
ALTER TABLE `member`
  ADD PRIMARY KEY (`Member_id`),
  ADD UNIQUE KEY `Email` (`Email`);

--
-- Indexes for table `order`
--
ALTER TABLE `order`
  ADD PRIMARY KEY (`Order_id`,`Member_id`,`ShowDate_id`,`Seat_Number`,`Concert_id`),
  ADD KEY `Seat_Number` (`Seat_Number`),
  ADD KEY `Concert_id` (`Concert_id`),
  ADD KEY `order_ibfk_3` (`Member_id`),
  ADD KEY `order_ibfk_5` (`ShowDate_id`,`Seat_Number`,`Concert_id`),
  ADD KEY `Receipt_id` (`Receipt_id`) USING BTREE,
  ADD KEY `Admin_id` (`Admin_id`) USING BTREE,
  ADD KEY `Status_id` (`Status_id`) USING BTREE;

--
-- Indexes for table `receipt`
--
ALTER TABLE `receipt`
  ADD PRIMARY KEY (`Receipt_id`);

--
-- Indexes for table `seat`
--
ALTER TABLE `seat`
  ADD PRIMARY KEY (`Seat_Number`);

--
-- Indexes for table `showdate`
--
ALTER TABLE `showdate`
  ADD PRIMARY KEY (`ShowDate_id`),
  ADD KEY `showdate_ibfk1` (`Concert_id`);

--
-- Indexes for table `showdateandseat`
--
ALTER TABLE `showdateandseat`
  ADD PRIMARY KEY (`ShowDate_id`,`Seat_Number`,`Concert_id`),
  ADD KEY `showdateandseat_ibfk_1` (`Concert_id`),
  ADD KEY `showdateandseat_ibfk_3` (`Seat_Number`);

--
-- Indexes for table `status`
--
ALTER TABLE `status`
  ADD PRIMARY KEY (`Status_id`),
  ADD KEY `Admin_id` (`Admin_id`) USING BTREE;

--
-- AUTO_INCREMENT for dumped tables
--

--
-- AUTO_INCREMENT for table `receipt`
--
ALTER TABLE `receipt`
  MODIFY `Receipt_id` int(10) NOT NULL AUTO_INCREMENT, AUTO_INCREMENT=14;

--
-- Constraints for dumped tables
--

--
-- Constraints for table `concert`
--
ALTER TABLE `concert`
  ADD CONSTRAINT `concert_ibfk_1` FOREIGN KEY (`Admin_id`) REFERENCES `admin` (`Admin_id`);

--
-- Constraints for table `order`
--
ALTER TABLE `order`
  ADD CONSTRAINT `order_ibfk_1` FOREIGN KEY (`Receipt_id`) REFERENCES `receipt` (`Receipt_id`),
  ADD CONSTRAINT `order_ibfk_2` FOREIGN KEY (`Admin_id`) REFERENCES `admin` (`Admin_id`),
  ADD CONSTRAINT `order_ibfk_3` FOREIGN KEY (`Member_id`) REFERENCES `member` (`Member_id`),
  ADD CONSTRAINT `order_ibfk_4` FOREIGN KEY (`Status_id`) REFERENCES `status` (`Status_id`),
  ADD CONSTRAINT `order_ibfk_5` FOREIGN KEY (`ShowDate_id`,`Seat_Number`,`Concert_id`) REFERENCES `showdateandseat` (`ShowDate_id`, `Seat_Number`, `Concert_id`);

--
-- Constraints for table `showdate`
--
ALTER TABLE `showdate`
  ADD CONSTRAINT `showdate_ibfk1` FOREIGN KEY (`Concert_id`) REFERENCES `concert` (`Concert_id`);

--
-- Constraints for table `showdateandseat`
--
ALTER TABLE `showdateandseat`
  ADD CONSTRAINT `showdateandseat_ibfk_1` FOREIGN KEY (`Concert_id`) REFERENCES `concert` (`Concert_id`),
  ADD CONSTRAINT `showdateandseat_ibfk_2` FOREIGN KEY (`ShowDate_id`) REFERENCES `showdate` (`ShowDate_id`),
  ADD CONSTRAINT `showdateandseat_ibfk_3` FOREIGN KEY (`Seat_Number`) REFERENCES `seat` (`Seat_Number`);

--
-- Constraints for table `status`
--
ALTER TABLE `status`
  ADD CONSTRAINT `status_ibfk_1` FOREIGN KEY (`Admin_id`) REFERENCES `admin` (`Admin_id`);
COMMIT;

/*!40101 SET CHARACTER_SET_CLIENT=@OLD_CHARACTER_SET_CLIENT */;
/*!40101 SET CHARACTER_SET_RESULTS=@OLD_CHARACTER_SET_RESULTS */;
/*!40101 SET COLLATION_CONNECTION=@OLD_COLLATION_CONNECTION */;
